-- phpMyAdmin SQL Dump
-- version 5.1.1
-- https://www.phpmyadmin.net/
--
-- Host: 127.0.0.1
-- Generation Time: Dec 15, 2021 at 01:49 PM
-- Server version: 10.4.21-MariaDB
-- PHP Version: 8.0.11

SET SQL_MODE = "NO_AUTO_VALUE_ON_ZERO";
START TRANSACTION;
SET time_zone = "+00:00";


/*!40101 SET @OLD_CHARACTER_SET_CLIENT=@@CHARACTER_SET_CLIENT */;
/*!40101 SET @OLD_CHARACTER_SET_RESULTS=@@CHARACTER_SET_RESULTS */;
/*!40101 SET @OLD_COLLATION_CONNECTION=@@COLLATION_CONNECTION */;
/*!40101 SET NAMES utf8mb4 */;

--
-- Database: `cs319`
--

-- --------------------------------------------------------

--
-- Stand-in structure for view `academic_staff`
-- (See below for the actual view)
--
DROP VIEW IF EXISTS `academic_staff`;
CREATE TABLE `academic_staff` (
`id` int(11)
,`registration_date` timestamp
,`index_id` int(11)
,`name` varchar(255)
,`lastname` varchar(255)
,`email` varchar(255)
,`password_hash` varchar(255)
,`hescode` char(10)
,`profile_picture` blob
);

-- --------------------------------------------------------

--
-- Stand-in structure for view `sports_center_staff`
-- (See below for the actual view)
--
DROP VIEW IF EXISTS `sports_center_staff`;
CREATE TABLE `sports_center_staff` (
`id` int(11)
,`index_id` int(11)
,`name` varchar(255)
,`lastname` varchar(255)
,`email` varchar(255)
,`password_hash` varchar(255)
,`hescode` char(10)
,`profile_picture` blob
);

-- --------------------------------------------------------

--
-- Stand-in structure for view `student`
-- (See below for the actual view)
--
DROP VIEW IF EXISTS `student`;
CREATE TABLE `student` (
`id` int(11)
,`registration_date` timestamp
,`index_id` int(11)
,`name` varchar(255)
,`lastname` varchar(255)
,`email` varchar(255)
,`password_hash` varchar(255)
,`hescode` char(10)
,`profile_picture` blob
);

-- --------------------------------------------------------

--
-- Stand-in structure for view `university_administration`
-- (See below for the actual view)
--
DROP VIEW IF EXISTS `university_administration`;
CREATE TABLE `university_administration` (
`id` int(11)
,`index_id` int(11)
,`name` varchar(255)
,`lastname` varchar(255)
,`email` varchar(255)
,`password_hash` varchar(255)
,`hescode` char(10)
,`profile_picture` blob
);

-- --------------------------------------------------------

--
-- Table structure for table `user`
--

DROP TABLE IF EXISTS `user`;
CREATE TABLE `user` (
  `index_id` int(11) NOT NULL,
  `id` int(11) NOT NULL,
  `name` varchar(255) NOT NULL,
  `lastname` varchar(255) DEFAULT NULL,
  `email` varchar(255) NOT NULL,
  `password_hash` varchar(255) NOT NULL,
  `hescode` char(10) DEFAULT NULL,
  `profile_picture` blob DEFAULT NULL
) ENGINE=InnoDB DEFAULT CHARSET=utf8mb4;

--
-- Dumping data for table `user`
--

INSERT INTO `user` (`index_id`, `id`, `name`, `lastname`, `email`, `password_hash`, `hescode`, `profile_picture`) VALUES
(1, 1, 'Muhammed', 'lol', 'a@a', '$2a$10$j7fjSm.dNIIo7ovzBEIU7udL.IHKWl2X2ydCVm/cJHhyE50np9kw2', 'Hahaha', NULL),
(2, 2, 'Mustafa', 'K', 'a@b', '$2a$10$j7fjSm.dNIIo7ovzBEIU7udL.IHKWl2X2ydCVm/cJHhyE50np9kw2', NULL, NULL),
(3, 3, 'Mustafa', 'K', 'a@c', '$2a$10$j7fjSm.dNIIo7ovzBEIU7udL.IHKWl2X2ydCVm/cJHhyE50np9kw2', NULL, NULL),
(5, 5, 'Testing', 'lol', 'a@e', '$2a$10$j7fjSm.dNIIo7ovzBEIU7udL.IHKWl2X2ydCVm/cJHhyE50np9kw2', '1234567890', NULL),
(6, 123, '123', '123', '123@123', '$argon2i$v=19$m=65536,t=4,p=1$T0FxL05xcGlac2p0cnNEYQ$i3nCwT70kdtT4wlZJCLfU06fBu0rK8m78Yzj3cAxTO8', NULL, NULL),
(9, 11, 'Register', 'Tester', 'q@w', '$argon2i$v=19$m=65536,t=4,p=1$T0FxL05xcGlac2p0cnNEYQ$i3nCwT70kdtT4wlZJCLfU06fBu0rK8m78Yzj3cAxTO8', NULL, NULL),
(10, 907, 'utku', 'jjjj', 'gg@ggsdjsıg.vom', '$argon2i$v=19$m=65536,t=4,p=1$T0FxL05xcGlac2p0cnNEYQ$i3nCwT70kdtT4wlZJCLfU06fBu0rK8m78Yzj3cAxTO8', NULL, NULL);

-- --------------------------------------------------------

--
-- Table structure for table `user_academic_staff`
--

DROP TABLE IF EXISTS `user_academic_staff`;
CREATE TABLE `user_academic_staff` (
  `id` int(11) NOT NULL,
  `registration_date` timestamp NOT NULL DEFAULT current_timestamp()
) ENGINE=InnoDB DEFAULT CHARSET=utf16 COLLATE=utf16_turkish_ci;

--
-- Dumping data for table `user_academic_staff`
--

INSERT INTO `user_academic_staff` (`id`, `registration_date`) VALUES
(1, '2021-12-09 14:13:40'),
(2, '2021-12-09 14:28:10'),
(3, '2021-12-09 14:28:10'),
(5, '2021-12-09 14:28:10');

-- --------------------------------------------------------

--
-- Table structure for table `user_sports_center_staff`
--

DROP TABLE IF EXISTS `user_sports_center_staff`;
CREATE TABLE `user_sports_center_staff` (
  `id` int(11) NOT NULL
) ENGINE=InnoDB DEFAULT CHARSET=utf8mb4;

--
-- Dumping data for table `user_sports_center_staff`
--

INSERT INTO `user_sports_center_staff` (`id`) VALUES
(1),
(2),
(3);

-- --------------------------------------------------------

--
-- Table structure for table `user_student`
--

DROP TABLE IF EXISTS `user_student`;
CREATE TABLE `user_student` (
  `id` int(11) NOT NULL,
  `registration_date` timestamp NOT NULL DEFAULT current_timestamp()
) ENGINE=InnoDB DEFAULT CHARSET=utf16 COLLATE=utf16_turkish_ci;

--
-- Dumping data for table `user_student`
--

INSERT INTO `user_student` (`id`, `registration_date`) VALUES
(1, '2021-12-09 14:13:40'),
(2, '2021-12-09 14:28:10'),
(3, '2021-12-09 14:28:10'),
(5, '2021-12-09 14:28:10');

-- --------------------------------------------------------

--
-- Table structure for table `user_university_administration`
--

DROP TABLE IF EXISTS `user_university_administration`;
CREATE TABLE `user_university_administration` (
  `id` int(11) NOT NULL
) ENGINE=InnoDB DEFAULT CHARSET=utf8mb4;

--
-- Dumping data for table `user_university_administration`
--

INSERT INTO `user_university_administration` (`id`) VALUES
(1),
(2),
(3);

-- --------------------------------------------------------

--
-- Table structure for table `vaccine`
--

DROP TABLE IF EXISTS `vaccine`;
CREATE TABLE `vaccine` (
  `vaccine_id` int(11) NOT NULL,
  `vaccine_type` varchar(255) COLLATE utf8mb4_turkish_ci NOT NULL,
  `vaccine_name` varchar(255) COLLATE utf8mb4_turkish_ci NOT NULL,
  `manufacturer` varchar(255) COLLATE utf8mb4_turkish_ci NOT NULL,
  `cvx_code` int(11) NOT NULL
) ENGINE=InnoDB DEFAULT CHARSET=utf8mb4 COLLATE=utf8mb4_turkish_ci;

--
-- Dumping data for table `vaccine`
--

INSERT INTO `vaccine` (`vaccine_id`, `vaccine_type`, `vaccine_name`, `manufacturer`, `cvx_code`) VALUES
(1, 'mRNA', 'Pfizer-BioNTech COVID-19 Vaccine', 'Pfizer-BioNTech', 208);

-- --------------------------------------------------------

--
-- Table structure for table `vaccine_administration`
--

DROP TABLE IF EXISTS `vaccine_administration`;
CREATE TABLE `vaccine_administration` (
  `id` int(11) NOT NULL,
  `vaccine_id` int(11) NOT NULL,
  `user_id` int(11) NOT NULL,
  `administration_date` datetime NOT NULL
) ENGINE=InnoDB DEFAULT CHARSET=utf8mb4 COLLATE=utf8mb4_turkish_ci;

--
-- Dumping data for table `vaccine_administration`
--

INSERT INTO `vaccine_administration` (`id`, `vaccine_id`, `user_id`, `administration_date`) VALUES
(1, 1, 1, '2021-12-13 01:04:00'),
(2, 1, 1, '2021-12-14 23:55:56'),
(3, 1, 1, '2021-12-15 12:16:05'),
(4, 1, 1, '2021-12-15 12:31:50');

-- --------------------------------------------------------

--
-- Structure for view `academic_staff`
--
DROP TABLE IF EXISTS `academic_staff`;

DROP VIEW IF EXISTS `academic_staff`;
CREATE VIEW `academic_staff`  AS SELECT `user_academic_staff`.`id` AS `id`, `user_academic_staff`.`registration_date` AS `registration_date`, `user`.`index_id` AS `index_id`, `user`.`name` AS `name`, `user`.`lastname` AS `lastname`, `user`.`email` AS `email`, `user`.`password_hash` AS `password_hash`, `user`.`hescode` AS `hescode`, `user`.`profile_picture` AS `profile_picture` FROM (`user_academic_staff` join `user` on(`user_academic_staff`.`id` = `user`.`id`)) ;

-- --------------------------------------------------------

--
-- Structure for view `sports_center_staff`
--
DROP TABLE IF EXISTS `sports_center_staff`;

DROP VIEW IF EXISTS `sports_center_staff`;
CREATE VIEW `sports_center_staff`  AS SELECT `user`.`id` AS `id`, `user`.`index_id` AS `index_id`, `user`.`name` AS `name`, `user`.`lastname` AS `lastname`, `user`.`email` AS `email`, `user`.`password_hash` AS `password_hash`, `user`.`hescode` AS `hescode`, `user`.`profile_picture` AS `profile_picture` FROM (`user` join `user_sports_center_staff` on(`user`.`id` = `user_sports_center_staff`.`id`)) ;

-- --------------------------------------------------------

--
-- Structure for view `student`
--
DROP TABLE IF EXISTS `student`;

DROP VIEW IF EXISTS `student`;
CREATE VIEW `student`  AS SELECT `user_student`.`id` AS `id`, `user_student`.`registration_date` AS `registration_date`, `user`.`index_id` AS `index_id`, `user`.`name` AS `name`, `user`.`lastname` AS `lastname`, `user`.`email` AS `email`, `user`.`password_hash` AS `password_hash`, `user`.`hescode` AS `hescode`, `user`.`profile_picture` AS `profile_picture` FROM (`user_student` join `user` on(`user_student`.`id` = `user`.`id`)) ;

-- --------------------------------------------------------

--
-- Structure for view `university_administration`
--
DROP TABLE IF EXISTS `university_administration`;

DROP VIEW IF EXISTS `university_administration`;
CREATE VIEW `university_administration`  AS SELECT `user_university_administration`.`id` AS `id`, `user`.`index_id` AS `index_id`, `user`.`name` AS `name`, `user`.`lastname` AS `lastname`, `user`.`email` AS `email`, `user`.`password_hash` AS `password_hash`, `user`.`hescode` AS `hescode`, `user`.`profile_picture` AS `profile_picture` FROM (`user_university_administration` join `user` on(`user_university_administration`.`id` = `user`.`id`)) ;

--
-- Indexes for dumped tables
--

--
-- Indexes for table `user`
--
ALTER TABLE `user`
  ADD PRIMARY KEY (`index_id`),
  ADD UNIQUE KEY `administrator_email_uindex` (`email`),
  ADD UNIQUE KEY `administrator_index_id_uindex` (`index_id`),
  ADD UNIQUE KEY `administrator_id_uindex` (`id`),
  ADD UNIQUE KEY `hescode` (`hescode`);

--
-- Indexes for table `user_academic_staff`
--
ALTER TABLE `user_academic_staff`
  ADD PRIMARY KEY (`id`),
  ADD UNIQUE KEY `student_id_uid` (`id`) USING BTREE;

--
-- Indexes for table `user_sports_center_staff`
--
ALTER TABLE `user_sports_center_staff`
  ADD UNIQUE KEY `sport_staff_id_uindex` (`id`);

--
-- Indexes for table `user_student`
--
ALTER TABLE `user_student`
  ADD PRIMARY KEY (`id`),
  ADD UNIQUE KEY `student_id_uid` (`id`) USING BTREE;

--
-- Indexes for table `user_university_administration`
--
ALTER TABLE `user_university_administration`
  ADD UNIQUE KEY `instructor_id_uindex` (`id`);

--
-- Indexes for table `vaccine`
--
ALTER TABLE `vaccine`
  ADD PRIMARY KEY (`vaccine_id`);

--
-- Indexes for table `vaccine_administration`
--
ALTER TABLE `vaccine_administration`
  ADD PRIMARY KEY (`id`),
  ADD KEY `fk_va_user` (`user_id`),
  ADD KEY `fk_va_vaccine` (`vaccine_id`);

--
-- AUTO_INCREMENT for dumped tables
--

--
-- AUTO_INCREMENT for table `user`
--
ALTER TABLE `user`
  MODIFY `index_id` int(11) NOT NULL AUTO_INCREMENT, AUTO_INCREMENT=11;

--
-- AUTO_INCREMENT for table `vaccine`
--
ALTER TABLE `vaccine`
  MODIFY `vaccine_id` int(11) NOT NULL AUTO_INCREMENT, AUTO_INCREMENT=2;

--
-- AUTO_INCREMENT for table `vaccine_administration`
--
ALTER TABLE `vaccine_administration`
  MODIFY `id` int(11) NOT NULL AUTO_INCREMENT, AUTO_INCREMENT=5;

--
-- Constraints for dumped tables
--

--
-- Constraints for table `user_academic_staff`
--
ALTER TABLE `user_academic_staff`
  ADD CONSTRAINT `fk_uas_user` FOREIGN KEY (`id`) REFERENCES `user` (`id`) ON DELETE CASCADE ON UPDATE CASCADE;

--
-- Constraints for table `user_sports_center_staff`
--
ALTER TABLE `user_sports_center_staff`
  ADD CONSTRAINT `fk_scs_user` FOREIGN KEY (`id`) REFERENCES `user` (`id`) ON DELETE CASCADE ON UPDATE CASCADE;

--
-- Constraints for table `user_student`
--
ALTER TABLE `user_student`
  ADD CONSTRAINT `fk_us_user` FOREIGN KEY (`id`) REFERENCES `user` (`id`) ON DELETE CASCADE ON UPDATE CASCADE;

--
-- Constraints for table `user_university_administration`
--
ALTER TABLE `user_university_administration`
  ADD CONSTRAINT `fk_uua_user` FOREIGN KEY (`id`) REFERENCES `user` (`id`) ON DELETE CASCADE ON UPDATE CASCADE;

--
-- Constraints for table `vaccine_administration`
--
ALTER TABLE `vaccine_administration`
  ADD CONSTRAINT `fk_va_user` FOREIGN KEY (`user_id`) REFERENCES `user` (`id`) ON DELETE CASCADE ON UPDATE CASCADE,
  ADD CONSTRAINT `fk_va_vaccine` FOREIGN KEY (`vaccine_id`) REFERENCES `vaccine` (`vaccine_id`) ON DELETE CASCADE ON UPDATE CASCADE;
COMMIT;

/*!40101 SET CHARACTER_SET_CLIENT=@OLD_CHARACTER_SET_CLIENT */;
/*!40101 SET CHARACTER_SET_RESULTS=@OLD_CHARACTER_SET_RESULTS */;
/*!40101 SET COLLATION_CONNECTION=@OLD_COLLATION_CONNECTION */;
