-- phpMyAdmin SQL Dump
-- version 5.1.1
-- https://www.phpmyadmin.net/
--
-- Host: localhost
-- Generation Time: Dec 26, 2021 at 08:57 PM
-- Server version: 10.4.22-MariaDB-1:10.4.22+maria~focal-log
-- PHP Version: 8.0.13

SET SQL_MODE = "NO_AUTO_VALUE_ON_ZERO";
START TRANSACTION;
SET time_zone = "+00:00";


/*!40101 SET @OLD_CHARACTER_SET_CLIENT=@@CHARACTER_SET_CLIENT */;
/*!40101 SET @OLD_CHARACTER_SET_RESULTS=@@CHARACTER_SET_RESULTS */;
/*!40101 SET @OLD_COLLATION_CONNECTION=@@COLLATION_CONNECTION */;
/*!40101 SET NAMES utf8mb4 */;

--
-- Database: `CS319`
--

-- --------------------------------------------------------

--
-- Stand-in structure for view `academic_staff`
-- (See below for the actual view)
--
DROP VIEW IF EXISTS `academic_staff`;
CREATE TABLE `academic_staff` (
`id` int(11)
,`registration_date` timestamp
,`index_id` int(11)
,`name` varchar(255)
,`lastname` varchar(255)
,`email` varchar(255)
,`password_hash` varchar(255)
,`hescode` char(10)
,`hescode_status` tinyint(1)
,`profile_picture` blob
);

-- --------------------------------------------------------

--
-- Table structure for table `contact`
--

DROP TABLE IF EXISTS `contact`;
CREATE TABLE `contact` (
  `main_user_id` int(11) NOT NULL,
  `contacted_user_id` int(11) NOT NULL,
  `event_id` int(11) DEFAULT NULL
) ENGINE=InnoDB DEFAULT CHARSET=utf8mb4 COLLATE=utf8mb4_turkish_ci;

--
-- Dumping data for table `contact`
--

INSERT INTO `contact` (`main_user_id`, `contacted_user_id`, `event_id`) VALUES
(1, 2, 1),
(1, 3, 2),
(1, 5, 1),
(1, 123, 1),
(1, 22101049, 1),
(1, 22103090, 1),
(1, 22103285, 1),
(1, 22103480, 1),
(1, 22103571, 1),
(2, 1, 1),
(2, 3, 4),
(123, 3, 1),
(123, 22101907, 1),
(123, 22102843, 1),
(123, 22102973, 1),
(404040, 404040, 1),
(404040, 414141, 1),
(404040, 424242, 1),
(404040, 434343, 1),
(404040, 22102427, 1);

-- --------------------------------------------------------

--
-- Stand-in structure for view `course`
-- (See below for the actual view)
--
DROP VIEW IF EXISTS `course`;
CREATE TABLE `course` (
`event_id` int(11)
,`year` year(4)
,`semester` enum('FALL','SPRING','SUMMER')
,`event_name` varchar(255)
,`place` varchar(255)
,`max_no_of_participant` int(11)
,`can_people_join` tinyint(1)
);

-- --------------------------------------------------------

--
-- Table structure for table `covid_test`
--

DROP TABLE IF EXISTS `covid_test`;
CREATE TABLE `covid_test` (
  `test_id` int(11) NOT NULL,
  `test_date` datetime NOT NULL,
  `result` enum('POSITIVE','NEGATIVE','UNKNOWN','PENDING') CHARACTER SET utf8mb4 COLLATE utf8mb4_unicode_ci NOT NULL,
  `user_id` int(11) NOT NULL,
  `document` mediumblob DEFAULT NULL
) ENGINE=InnoDB DEFAULT CHARSET=utf8mb4 COLLATE=utf8mb4_turkish_ci;

--
-- Dumping data for table `covid_test`
--

INSERT INTO `covid_test` (`test_id`, `test_date`, `result`, `user_id`, `document`) VALUES
(1, '2021-12-18 13:36:42', 'NEGATIVE', 1, NULL),
(2, '2021-12-18 13:37:57', 'POSITIVE', 1, NULL),
(3, '2021-12-18 13:38:38', 'NEGATIVE', 1, NULL),
(7, '2021-12-18 13:38:55', 'PENDING', 2, NULL),
(8, '2021-12-18 13:39:28', 'NEGATIVE', 2, NULL);

-- --------------------------------------------------------

--
-- Table structure for table `diagnosis`
--

DROP TABLE IF EXISTS `diagnosis`;
CREATE TABLE `diagnosis` (
  `diagnosis_id` int(11) NOT NULL,
  `type` varchar(255) NOT NULL,
  `result` int(11) NOT NULL,
  `date` datetime NOT NULL,
  `user_id` int(11) NOT NULL
) ENGINE=InnoDB DEFAULT CHARSET=utf8mb4;

--
-- Dumping data for table `diagnosis`
--

INSERT INTO `diagnosis` (`diagnosis_id`, `type`, `result`, `date`, `user_id`) VALUES
(1, 'tomography', 0, '2021-12-24 21:07:34', 1),
(4, 'Ultrasound', 1, '2021-12-24 21:14:41', 1),
(5, 'Blood test', 1, '2021-12-24 21:16:18', 1);

-- --------------------------------------------------------

--
-- Table structure for table `event`
--

DROP TABLE IF EXISTS `event`;
CREATE TABLE `event` (
  `event_id` int(11) NOT NULL,
  `event_name` varchar(255) COLLATE utf8mb4_turkish_ci NOT NULL,
  `place` varchar(255) COLLATE utf8mb4_turkish_ci NOT NULL DEFAULT 'Bilkent University',
  `max_no_of_participant` int(11) NOT NULL DEFAULT 99999,
  `can_people_join` tinyint(1) NOT NULL DEFAULT 1
) ENGINE=InnoDB DEFAULT CHARSET=utf8mb4 COLLATE=utf8mb4_turkish_ci;

--
-- Dumping data for table `event`
--

INSERT INTO `event` (`event_id`, `event_name`, `place`, `max_no_of_participant`, `can_people_join`) VALUES
(1, 'CS101', 'Bilkent University', 75, 1),
(2, 'Fitness', 'Dormitory Sports Hall', 40, 1),
(3, 'CS319', 'B204', 60, 1),
(4, 'Fitness', 'Dormitory Sports Hall', 60, 1),
(5, 'PCR Test', 'Bilkent University', 500, 1),
(6, 'Diagnovir Test', 'Bilkent University', 4, 1),
(7, 'Algebraic Number Theory', 'SB-Z04', 99999, 1),
(8, 'Algebraic Number Theory', 'SB-Z04', 99999, 1),
(9, 'Automata Theory and Formal Languages', 'B-204', 99999, 1),
(10, 'Probability and Statistics for Engineers', 'EA-Z01', 99999, 1),
(11, 'Great Discoveries from the Ancient World ', 'SA-Z18', 99999, 1),
(12, 'Algebraic Number Theory', 'SB-Z04', 99999, 1),
(13, 'Graphic Design for Non-Majors', 'SA-Z18', 99999, 1),
(14, 'Automata Theory and Formal Languages', 'B-Z02', 99999, 1),
(15, 'Graphic Design for Non-Majors', 'SB-Z04', 99999, 1),
(16, 'Computer Organization', 'SA-Z18', 99999, 1),
(17, 'Great Discoveries from the Ancient World ', 'SA-Z18', 99999, 1),
(18, 'Basics of Signals and Systems', 'SA-Z18', 99999, 1),
(19, 'Algebraic Number Theory', 'B-Z05', 99999, 1),
(20, 'Algebraic Number Theory', 'SB-Z04', 99999, 1),
(21, 'Cultures Civilizations and Ideas I', 'EA-Z01', 99999, 1),
(22, 'Object-Oriented Software Engineering', 'EA-Z01', 99999, 1),
(23, 'Basics of Signals and Systems', 'B-Z05', 99999, 1),
(25, 'Great Discoveries from the Ancient World ', 'EA-Z01', 99999, 1),
(26, 'Great Discoveries from the Ancient World ', 'EA-Z01', 99999, 1),
(27, 'Algorithms and Programming I', 'B-Z02', 99999, 1),
(28, 'Cultures Civilizations and Ideas II', 'B-Z02', 99999, 1),
(29, 'Cultures Civilizations and Ideas II', 'B-Z02', 99999, 1),
(30, 'Cultures Civilizations and Ideas II', 'B-Z05', 99999, 1),
(32, 'Graphic Design for Non-Majors', 'B-Z02', 99999, 1),
(33, 'English and Composition I', 'B-204', 99999, 1),
(34, 'Computer Organization', 'SA-Z18', 99999, 1),
(35, 'Cultures Civilizations and Ideas II', 'B-Z02', 99999, 1),
(36, 'Automata Theory and Formal Languages', 'B-Z05', 99999, 1),
(37, 'Algebraic Number Theory', 'B-Z01', 99999, 1),
(38, 'Automata Theory and Formal Languages', 'B-Z02', 99999, 1),
(39, 'Algorithms and Programming I', 'B-Z05', 99999, 1),
(40, 'Introduction to Modern Biology', 'EA-Z01', 99999, 1),
(41, 'Cultures Civilizations and Ideas II', 'B-204', 99999, 1),
(42, 'Algorithms and Programming I', 'B-Z01', 99999, 1),
(43, 'Introduction to Modern Biology', 'SA-Z18', 99999, 1),
(44, 'Automata Theory and Formal Languages', 'SB-Z04', 99999, 1),
(45, 'Great Discoveries from the Ancient World ', 'B-Z05', 99999, 1),
(46, 'Graphic Design for Non-Majors', 'SB-Z04', 99999, 1),
(47, 'Cultures Civilizations and Ideas I', 'SA-Z18', 99999, 1),
(48, 'Great Discoveries from the Ancient World ', 'B-Z01', 99999, 1),
(49, 'Algorithms and Programming I', 'EA-Z01', 99999, 1),
(50, 'Cultures Civilizations and Ideas I', 'B-Z02', 99999, 1),
(51, 'Cultures Civilizations and Ideas II', 'SB-Z04', 99999, 1),
(52, 'Cultures Civilizations and Ideas II', 'SB-Z04', 99999, 1),
(53, 'Cultures Civilizations and Ideas II', 'B-Z02', 99999, 1),
(54, 'Algebraic Number Theory', 'B-Z01', 99999, 1),
(55, 'Great Discoveries from the Ancient World ', 'B-Z02', 99999, 1),
(56, 'Basics of Signals and Systems', 'SA-Z18', 99999, 1),
(57, 'Volleyyball', 'Yurtlar Spor Salonu', 47, 1),
(58, 'Volleyyball', 'Doğu Spor Salonu', 60, 1),
(59, 'Squash ', 'Merkez Spor Salonu', 20, 1),
(60, 'Basketball', 'Doğu Spor Salonu', 39, 1),
(61, 'Fitness', 'Yurtlar Spor Salonu', 63, 1),
(62, 'Yürüme/Koşu Parkuru', 'Doğu Spor Salonu', 48, 1),
(63, 'Yürüme/Koşu Parkuru', 'Yurtlar Spor Salonu', 52, 1),
(64, 'Football', 'Merkez Spor Salonu', 55, 1),
(65, 'Football', 'Doğu Spor Salonu', 88, 1),
(66, 'Fitness', 'Doğu Spor Salonu', 30, 1),
(67, 'Squash ', 'Doğu Spor Salonu', 16, 1),
(68, 'Volleyyball', 'Yurtlar Spor Salonu', 69, 1),
(69, 'Basketball', 'Merkez Spor Salonu', 38, 1),
(70, 'Basketball', 'Yurtlar Spor Salonu', 41, 1),
(71, 'Volleyyball', 'Doğu Spor Salonu', 70, 1),
(72, 'Fitness', 'Doğu Spor Salonu', 9, 1),
(73, 'Volleyyball', 'Merkez Spor Salonu', 53, 1),
(74, 'Squash ', 'Merkez Spor Salonu', 38, 1),
(75, 'Volleyyball', 'Yurtlar Spor Salonu', 25, 1),
(76, 'Basketball', 'Merkez Spor Salonu', 35, 1),
(77, 'Volleyyball', 'Yurtlar Spor Salonu', 34, 1),
(78, 'Squash ', 'Yurtlar Spor Salonu', 40, 1),
(79, 'Fitness', 'Yurtlar Spor Salonu', 66, 1),
(80, 'Yürüme/Koşu Parkuru', 'Doğu Spor Salonu', 66, 1),
(81, 'Basketball', 'Yurtlar Spor Salonu', 51, 1),
(82, 'Squash ', 'Merkez Spor Salonu', 30, 1),
(83, 'Fitness', 'Yurtlar Spor Salonu', 88, 1),
(84, 'Fitness', 'Merkez Spor Salonu', 67, 1),
(85, 'Fitness', 'Merkez Spor Salonu', 84, 1),
(86, 'Squash ', 'Doğu Spor Salonu', 68, 1),
(87, 'Football', 'Merkez Spor Salonu', 36, 1),
(88, 'Volleyyball', 'Doğu Spor Salonu', 54, 1),
(89, 'Squash ', 'Yurtlar Spor Salonu', 34, 1),
(90, 'Squash ', 'Doğu Spor Salonu', 28, 1),
(91, 'Fitness', 'Doğu Spor Salonu', 63, 1),
(92, 'Fitness', 'Doğu Spor Salonu', 58, 1),
(93, 'Squash ', 'Yurtlar Spor Salonu', 70, 1),
(94, 'Squash ', 'Merkez Spor Salonu', 56, 1),
(95, 'Yürüme/Koşu Parkuru', 'Merkez Spor Salonu', 61, 1),
(96, 'Football', 'Doğu Spor Salonu', 44, 1),
(97, 'Fitness', 'Yurtlar Spor Salonu', 48, 1),
(98, 'Squash ', 'Yurtlar Spor Salonu', 66, 1),
(99, 'Yürüme/Koşu Parkuru', 'Doğu Spor Salonu', 80, 1),
(100, 'Volleyyball', 'Yurtlar Spor Salonu', 64, 1),
(101, 'Volleyyball', 'Doğu Spor Salonu', 80, 1),
(102, 'Volleyyball', 'Merkez Spor Salonu', 56, 1),
(103, 'Volleyyball', 'Merkez Spor Salonu', 48, 1),
(104, 'Volleyyball', 'Merkez Spor Salonu', 64, 1),
(105, 'Football', 'Doğu Spor Salonu', 36, 1),
(106, 'Football', 'Doğu Spor Salonu', 25, 1);

-- --------------------------------------------------------

--
-- Table structure for table `event_control`
--

DROP TABLE IF EXISTS `event_control`;
CREATE TABLE `event_control` (
  `event_id` int(11) NOT NULL,
  `user_id` int(11) NOT NULL
) ENGINE=InnoDB DEFAULT CHARSET=utf8mb4 COLLATE=utf8mb4_turkish_ci;

--
-- Dumping data for table `event_control`
--

INSERT INTO `event_control` (`event_id`, `user_id`) VALUES
(1, 2),
(1, 123),
(2, 123),
(3, 1),
(3, 123),
(4, 123),
(5, 123),
(6, 123),
(7, 123),
(8, 123),
(9, 123),
(10, 123),
(11, 123),
(12, 123),
(13, 123),
(14, 123),
(15, 123),
(16, 123),
(17, 123),
(18, 123),
(19, 123),
(20, 123),
(21, 123),
(22, 123),
(23, 123),
(25, 123),
(26, 123),
(27, 123),
(28, 123),
(29, 123),
(30, 123),
(32, 123),
(33, 123),
(34, 123),
(35, 123),
(36, 123),
(37, 123),
(38, 123),
(39, 123),
(40, 123),
(41, 123),
(42, 123),
(43, 123),
(44, 123),
(45, 123),
(46, 123),
(47, 123),
(48, 123),
(49, 123),
(50, 123),
(51, 123),
(52, 123),
(53, 123),
(54, 123),
(55, 123),
(56, 123),
(57, 123),
(58, 123),
(59, 123),
(60, 123);

-- --------------------------------------------------------

--
-- Table structure for table `event_course`
--

DROP TABLE IF EXISTS `event_course`;
CREATE TABLE `event_course` (
  `event_id` int(11) NOT NULL,
  `year` year(4) NOT NULL DEFAULT 2021,
  `semester` enum('FALL','SPRING','SUMMER') COLLATE utf8mb4_turkish_ci NOT NULL DEFAULT 'FALL'
) ENGINE=InnoDB DEFAULT CHARSET=utf8mb4 COLLATE=utf8mb4_turkish_ci;

--
-- Dumping data for table `event_course`
--

INSERT INTO `event_course` (`event_id`, `year`, `semester`) VALUES
(1, 2021, 'FALL'),
(3, 2021, 'FALL'),
(7, 2021, 'SPRING'),
(8, 2022, 'FALL'),
(9, 2021, 'FALL'),
(10, 2022, 'SPRING'),
(11, 2021, 'FALL'),
(12, 2022, 'SPRING'),
(13, 2020, 'SPRING'),
(14, 2020, 'SUMMER'),
(15, 2020, 'FALL'),
(16, 2020, 'FALL'),
(17, 2021, 'SUMMER'),
(18, 2020, 'SUMMER'),
(19, 2020, 'SPRING'),
(20, 2022, 'SUMMER'),
(21, 2021, 'SPRING'),
(22, 2022, 'SUMMER'),
(23, 2020, 'SPRING'),
(25, 2020, 'SUMMER'),
(26, 2021, 'SPRING'),
(27, 2020, 'SPRING'),
(28, 2021, 'SPRING'),
(29, 2020, 'SUMMER'),
(30, 2020, 'SPRING'),
(32, 2022, 'SUMMER'),
(33, 2021, 'SPRING'),
(34, 2022, 'SPRING'),
(35, 2021, 'FALL'),
(36, 2021, 'SPRING'),
(37, 2020, 'FALL'),
(38, 2020, 'SPRING'),
(39, 2021, 'FALL'),
(40, 2020, 'SUMMER'),
(41, 2021, 'SUMMER'),
(42, 2021, 'FALL'),
(43, 2020, 'SPRING'),
(44, 2021, 'SUMMER'),
(45, 2020, 'SUMMER'),
(46, 2022, 'FALL'),
(47, 2021, 'SUMMER'),
(48, 2021, 'SPRING'),
(49, 2020, 'FALL'),
(50, 2021, 'SPRING'),
(51, 2022, 'SPRING'),
(52, 2020, 'FALL'),
(53, 2021, 'SPRING'),
(54, 2021, 'SPRING'),
(55, 2021, 'FALL'),
(56, 2021, 'SUMMER');

-- --------------------------------------------------------

--
-- Table structure for table `event_participation`
--

DROP TABLE IF EXISTS `event_participation`;
CREATE TABLE `event_participation` (
  `event_id` int(11) NOT NULL,
  `user_id` int(11) NOT NULL
) ENGINE=InnoDB DEFAULT CHARSET=utf8mb4 COLLATE=utf8mb4_turkish_ci;

--
-- Dumping data for table `event_participation`
--

INSERT INTO `event_participation` (`event_id`, `user_id`) VALUES
(1, 2),
(1, 3),
(1, 22101127),
(1, 22101218),
(1, 22101387),
(1, 22102167),
(1, 22102232),
(1, 22103779),
(2, 3),
(2, 5),
(2, 123),
(2, 22101309),
(2, 22101764),
(2, 22102843),
(2, 22103311),
(2, 22103740),
(3, 1),
(3, 2),
(3, 3),
(3, 5),
(3, 22101101),
(3, 22101504),
(3, 22102661),
(3, 22102700),
(3, 22102726),
(3, 22103116),
(3, 22104260),
(4, 1),
(4, 3),
(4, 5),
(4, 22101569),
(4, 22102778),
(4, 22102973),
(4, 22103285),
(4, 22103480),
(5, 1),
(5, 3),
(5, 5),
(5, 424242),
(5, 22101153),
(5, 22101621),
(5, 22102180),
(5, 22102596),
(5, 22102765),
(5, 22103038),
(5, 22103935),
(5, 22104013),
(6, 3),
(6, 424242),
(6, 22101036),
(6, 22101062),
(6, 22101231),
(6, 22101530),
(6, 22102232),
(6, 22102674),
(6, 22102830),
(6, 22102895),
(6, 22103233),
(7, 3),
(7, 5),
(7, 22102492),
(7, 22103363),
(7, 22104065),
(8, 5),
(8, 22101400),
(8, 22101738),
(8, 22101868),
(8, 22102063),
(8, 22102089),
(8, 22104078),
(9, 1),
(9, 3),
(9, 22101413),
(9, 22101491),
(9, 22101582),
(9, 22102297),
(9, 22102505),
(9, 22102895),
(9, 22103844),
(9, 22104091),
(10, 1),
(10, 3),
(10, 5),
(10, 22101205),
(10, 22101777),
(10, 22102245),
(10, 22102310),
(10, 22102830),
(10, 22103467),
(10, 22103597),
(11, 1),
(11, 5),
(11, 414141),
(11, 22101569),
(11, 22104117),
(12, 1),
(12, 5),
(12, 404040),
(12, 22101322),
(12, 22101725),
(12, 22102193),
(12, 22102622),
(12, 22103597),
(12, 22103896),
(12, 22104065),
(13, 1),
(13, 3),
(13, 5),
(13, 404040),
(13, 22101478),
(13, 22102518),
(13, 22103857),
(13, 22103948),
(14, 1),
(14, 3),
(14, 5),
(14, 404040),
(14, 414141),
(14, 22101634),
(14, 22102102),
(14, 22102206),
(14, 22102544),
(14, 22102934),
(14, 22103532),
(14, 22104195),
(14, 22104247),
(15, 1),
(15, 3),
(15, 5),
(15, 22101114),
(15, 22101140),
(15, 22101725),
(15, 22101920),
(15, 22101985),
(15, 22102154),
(15, 22102297),
(15, 22102349),
(15, 22102908),
(15, 22103844),
(16, 1),
(16, 3),
(16, 5),
(16, 22101855),
(16, 22101933),
(16, 22103129),
(16, 22103246),
(16, 22104247),
(17, 3),
(17, 5),
(17, 22101244),
(17, 22101556),
(17, 22101673),
(17, 22101803),
(17, 22101842),
(17, 22102037),
(17, 22102440),
(17, 22102921),
(17, 22103818),
(17, 22104195),
(18, 1),
(18, 3),
(18, 5),
(18, 424242),
(18, 22101283),
(18, 22102219),
(18, 22102726),
(18, 22103506),
(19, 22101660),
(19, 22101803),
(19, 22101998),
(19, 22102609),
(19, 22102882),
(20, 1),
(20, 3),
(20, 5),
(20, 22101049),
(20, 22101218),
(20, 22101647),
(20, 22101699),
(20, 22102063),
(20, 22102180),
(20, 22102908),
(20, 22103090),
(20, 22103987),
(21, 1),
(21, 5),
(21, 22101699),
(21, 22101751),
(21, 22102362),
(22, 1),
(22, 5),
(22, 22101946),
(22, 22102024),
(22, 22102258),
(22, 22103025),
(22, 22103558),
(23, 1),
(23, 3),
(23, 22101439),
(23, 22102414),
(23, 22102544),
(23, 22102817),
(23, 22103298),
(23, 22103636),
(25, 1),
(25, 3),
(25, 5),
(25, 22101270),
(25, 22101699),
(25, 22101751),
(25, 22102050),
(25, 22103233),
(25, 22103818),
(26, 3),
(26, 22101179),
(26, 22101686),
(26, 22102050),
(26, 22102401),
(26, 22102570),
(26, 22102791),
(26, 22104104),
(27, 1),
(27, 3),
(27, 5),
(27, 22101426),
(27, 22101790),
(27, 22101959),
(27, 22102349),
(27, 22102739),
(27, 22102947),
(27, 22103077),
(27, 22103246),
(27, 22103285),
(27, 22103532),
(28, 1),
(28, 3),
(28, 5),
(28, 434343),
(28, 22102323),
(28, 22102752),
(28, 22102804),
(28, 22103168),
(28, 22103324),
(28, 22103636),
(29, 1),
(29, 3),
(29, 5),
(29, 22101153),
(30, 1),
(30, 3),
(30, 5),
(30, 22101608),
(30, 22101946),
(30, 22102193),
(30, 22102219),
(30, 22102752),
(30, 22103467),
(30, 22103974),
(30, 22104039),
(30, 22104130),
(32, 5),
(32, 22101439),
(32, 22101543),
(32, 22101764),
(32, 22101985),
(32, 22102882),
(32, 22103129),
(33, 1),
(33, 3),
(33, 404040),
(33, 22101049),
(33, 22101075),
(33, 22101283),
(33, 22101309),
(33, 22102141),
(33, 22102284),
(33, 22102427),
(33, 22103337),
(33, 22104234),
(34, 1),
(34, 3),
(34, 22101062),
(34, 22101101),
(34, 22101647),
(34, 22102076),
(34, 22103792),
(35, 3),
(35, 5),
(35, 22101413),
(35, 22102531),
(35, 22102869),
(35, 22103298),
(35, 22103402),
(35, 22103883),
(35, 22104039),
(36, 3),
(36, 5),
(36, 22101855),
(36, 22102791),
(36, 22102856),
(36, 22103051),
(36, 22103675),
(37, 1),
(37, 3),
(37, 5),
(37, 404041),
(37, 22101296),
(37, 22101426),
(37, 22101621),
(37, 22101829),
(37, 22102258),
(37, 22102284),
(37, 22103519),
(37, 22104000),
(38, 1),
(38, 3),
(38, 5),
(38, 22101387),
(38, 22101400),
(38, 22101660),
(38, 22101829),
(38, 22102141),
(38, 22102557),
(38, 22102713),
(38, 22102947),
(38, 22103038),
(38, 22103116),
(38, 22104143),
(39, 3),
(39, 5),
(39, 22101205),
(39, 22101257),
(39, 22101452),
(39, 22101582),
(39, 22101959),
(39, 22102804),
(39, 22102869),
(39, 22103142),
(39, 22103155),
(39, 22103376),
(39, 22103610),
(40, 3),
(40, 5),
(40, 22103155),
(41, 5),
(41, 22101400),
(41, 22102648),
(42, 1),
(42, 3),
(42, 5),
(42, 22101140),
(42, 22101842),
(42, 22102583),
(42, 22102687),
(42, 22103922),
(43, 1),
(43, 3),
(43, 5),
(43, 22101686),
(43, 22103064),
(43, 22103207),
(43, 22103441),
(43, 22103558),
(43, 22103688),
(43, 22103766),
(44, 1),
(44, 3),
(44, 5),
(44, 22101595),
(44, 22101894),
(44, 22101972),
(44, 22103623),
(44, 22103961),
(44, 22104091),
(44, 22104104),
(44, 22104182),
(45, 1),
(45, 3),
(45, 5),
(45, 22101114),
(45, 22101491),
(45, 22102310),
(45, 22102479),
(45, 22103324),
(45, 22103493),
(46, 1),
(46, 3),
(46, 5),
(46, 22101166),
(46, 22101218),
(46, 22101478),
(46, 22101803),
(46, 22103389),
(46, 22103428),
(46, 22103883),
(46, 22103948),
(46, 22104078),
(47, 1),
(47, 5),
(47, 22101062),
(47, 22101517),
(47, 22102037),
(47, 22102388),
(47, 22102583),
(47, 22103675),
(48, 1),
(48, 3),
(48, 22101088),
(48, 22101738),
(48, 22101946),
(48, 22102427),
(48, 22103025),
(48, 22103311),
(49, 1),
(49, 3),
(49, 5),
(49, 404041),
(49, 22101049),
(49, 22101270),
(49, 22101842),
(49, 22102414),
(49, 22103194),
(49, 22103571),
(50, 1),
(50, 3),
(50, 5),
(50, 22101296),
(50, 22101322),
(50, 22101504),
(50, 22102050),
(50, 22102089),
(50, 22102999),
(50, 22103350),
(51, 3),
(51, 5),
(51, 22101114),
(51, 22101127),
(51, 22101530),
(51, 22102037),
(51, 22102128),
(51, 22102284),
(51, 22103909),
(51, 22104013),
(51, 22104143),
(52, 1),
(52, 3),
(52, 22101790),
(52, 22102115),
(52, 22102219),
(52, 22102921),
(52, 22103831),
(52, 22103922),
(52, 22104156),
(53, 1),
(53, 3),
(53, 5),
(53, 434343),
(53, 22102648),
(53, 22103259),
(53, 22103870),
(54, 1),
(54, 3),
(54, 22101088),
(54, 22101387),
(54, 22101465),
(54, 22103727),
(54, 22103805),
(54, 22104130),
(55, 5),
(55, 22101634),
(55, 22101933),
(55, 22102076),
(55, 22102193),
(55, 22103259),
(55, 22103272),
(56, 1),
(56, 3),
(56, 5),
(56, 22101244),
(56, 22102453),
(57, 1),
(57, 3),
(57, 123),
(57, 22101790),
(57, 22101816),
(57, 22101881),
(57, 22103090),
(58, 3),
(58, 123),
(58, 22101452),
(58, 22101920),
(58, 22103454),
(58, 22103987),
(59, 1),
(59, 5),
(59, 22101751),
(59, 22102206),
(59, 22102635),
(59, 22102843),
(59, 22103649),
(60, 1),
(60, 3),
(60, 5),
(60, 434343),
(61, 5),
(61, 22102115),
(61, 22102323),
(61, 22102596),
(61, 22103935),
(62, 3),
(62, 22101465),
(62, 22101673),
(62, 22101907),
(62, 22102557),
(62, 22103415),
(62, 22103727),
(62, 22104156),
(63, 1),
(63, 5),
(63, 22101192),
(63, 22101829),
(63, 22102466),
(63, 22102960),
(64, 1),
(64, 3),
(64, 5),
(64, 22102102),
(64, 22102115),
(64, 22102609),
(64, 22102700),
(64, 22104169),
(64, 22104182),
(65, 1),
(65, 22101413),
(65, 22101894),
(65, 22102102),
(65, 22102687),
(65, 22102934),
(65, 22103571),
(65, 22103753),
(66, 1),
(66, 3),
(66, 22101959),
(66, 22101998),
(66, 22102492),
(66, 22102765),
(66, 22103220),
(66, 22104169),
(67, 1),
(67, 3),
(67, 123),
(67, 22101075),
(67, 22101712),
(67, 22101907),
(67, 22101985),
(67, 22102310),
(67, 22102401),
(67, 22102973),
(67, 22103961),
(68, 3),
(68, 5),
(68, 22101647),
(68, 22101712),
(68, 22101816),
(68, 22101920),
(68, 22102167),
(68, 22102180),
(68, 22102336),
(68, 22103194),
(68, 22103623),
(68, 22103766),
(69, 1),
(69, 3),
(69, 5),
(69, 22101231),
(69, 22101543),
(69, 22101972),
(69, 22102960),
(69, 22103168),
(69, 22104000),
(69, 22104208),
(70, 1),
(70, 3),
(70, 5),
(70, 22101504),
(70, 22101673),
(70, 22102128),
(70, 22102297),
(70, 22102622),
(70, 22102739),
(71, 1),
(71, 22101023),
(71, 22101036),
(71, 22101192),
(71, 22101764),
(71, 22102271),
(71, 22103272),
(71, 22103857),
(72, 1),
(72, 3),
(72, 22101309),
(72, 22102128),
(72, 22102856),
(72, 22103012),
(72, 22103181),
(72, 22103350),
(72, 22103649),
(72, 22103896),
(73, 3),
(73, 5),
(73, 22101166),
(73, 22101270),
(73, 22102154),
(73, 22102375),
(73, 22103545),
(73, 22104052),
(74, 1),
(74, 3),
(74, 5),
(74, 22102011),
(74, 22103428),
(74, 22103493),
(74, 22103779),
(74, 22103909),
(75, 1),
(75, 3),
(75, 5),
(75, 404040),
(75, 22101868),
(75, 22102024),
(75, 22103415),
(76, 1),
(76, 3),
(76, 5),
(76, 22101595),
(76, 22101907),
(76, 22103714),
(77, 1),
(77, 3),
(77, 5),
(77, 22101231),
(77, 22101322),
(78, 5),
(78, 22101140),
(78, 22101179),
(78, 22101933),
(78, 22103740),
(79, 1),
(79, 3),
(79, 5),
(79, 22101686),
(79, 22103376),
(79, 22103402),
(79, 22103506),
(79, 22103610),
(80, 1),
(80, 3),
(80, 5),
(80, 22102076),
(80, 22102089),
(80, 22102258),
(80, 22103103),
(81, 3),
(81, 5),
(81, 22101452),
(81, 22101621),
(81, 22102063),
(81, 22102245),
(81, 22103753),
(81, 22104052),
(82, 1),
(82, 3),
(82, 5),
(82, 22101478),
(82, 22102531),
(82, 22103181),
(82, 22103220),
(83, 1),
(83, 3),
(83, 5),
(83, 22101582),
(83, 22101712),
(83, 22102999),
(83, 22103012),
(83, 22104026),
(84, 1),
(84, 3),
(84, 5),
(84, 22101075),
(84, 22101166),
(84, 22101543),
(84, 22101608),
(84, 22101725),
(84, 22102141),
(84, 22103077),
(84, 22103103),
(84, 22103337),
(85, 1),
(85, 3),
(85, 5),
(85, 22102336),
(85, 22102479),
(85, 22102505),
(85, 22103207),
(85, 22103714),
(86, 3),
(86, 5),
(86, 22101465),
(86, 22101491),
(86, 22101556),
(86, 22101868),
(86, 22102362),
(86, 22102986),
(86, 22103064),
(86, 22103363),
(86, 22103870),
(86, 22104026),
(87, 1),
(87, 3),
(87, 5),
(87, 22101101),
(87, 22101998),
(87, 22102232),
(87, 22102570),
(87, 22103389),
(87, 22104117),
(88, 1),
(88, 3),
(88, 5),
(88, 22101257),
(89, 1),
(89, 3),
(89, 5),
(89, 404040),
(89, 22101023),
(89, 22101894),
(89, 22102518),
(89, 22103454),
(89, 22103792),
(90, 3),
(90, 5),
(90, 22101036),
(90, 22101088),
(90, 22101205),
(90, 22101595),
(90, 22101777),
(90, 22103519),
(90, 22103545),
(90, 22103584),
(91, 1),
(91, 3),
(91, 5),
(91, 22101530),
(91, 22102271),
(91, 22102466),
(91, 22102778),
(92, 1),
(92, 3),
(92, 5),
(92, 22101023),
(92, 22101296),
(92, 22101634),
(92, 22101816),
(92, 22102713),
(92, 22102986),
(92, 22104260),
(93, 1),
(93, 3),
(93, 5),
(93, 22101556),
(93, 22101972),
(93, 22102154),
(93, 22103480),
(94, 1),
(94, 5),
(94, 22101881),
(94, 22102206),
(94, 22102375),
(94, 22102817),
(94, 22104221),
(95, 3),
(95, 5),
(95, 22101426),
(95, 22101569),
(95, 22102011),
(95, 22103701),
(95, 22103805),
(96, 1),
(96, 3),
(96, 5),
(96, 22102167),
(96, 22102245),
(97, 1),
(97, 3),
(97, 22101855),
(97, 22101881),
(97, 22103051),
(97, 22103142),
(98, 1),
(98, 3),
(98, 5),
(98, 22101192),
(98, 22101244),
(98, 22101439),
(98, 22102453),
(98, 22102661),
(98, 22103584),
(98, 22103831),
(99, 1),
(99, 3),
(99, 414141),
(99, 22101153),
(99, 22101517),
(99, 22101660),
(99, 22102011),
(99, 22102271),
(99, 22103441),
(99, 22103974),
(99, 22104221),
(100, 22102388),
(100, 22102635);

-- --------------------------------------------------------

--
-- Table structure for table `event_sport`
--

DROP TABLE IF EXISTS `event_sport`;
CREATE TABLE `event_sport` (
  `event_id` int(11) NOT NULL,
  `start_date` datetime NOT NULL,
  `end_date` datetime NOT NULL
) ENGINE=InnoDB DEFAULT CHARSET=utf8mb4 COLLATE=utf8mb4_turkish_ci;

--
-- Dumping data for table `event_sport`
--

INSERT INTO `event_sport` (`event_id`, `start_date`, `end_date`) VALUES
(2, '2021-12-16 08:40:00', '2021-12-16 09:40:00'),
(4, '2021-12-17 08:40:00', '2021-12-17 09:40:00'),
(56, '2020-12-25 19:00:00', '2020-12-25 19:59:59'),
(57, '2020-12-23 15:00:00', '2020-12-23 15:59:59'),
(58, '2020-12-27 01:00:00', '2020-12-27 01:59:59'),
(59, '2020-12-28 11:00:00', '2020-12-28 11:59:59'),
(60, '2020-12-24 01:00:00', '2020-12-24 01:59:59'),
(61, '2020-12-24 12:00:00', '2020-12-24 12:59:59'),
(62, '2020-12-23 01:00:00', '2020-12-23 01:59:59'),
(63, '2020-12-22 20:00:00', '2020-12-22 20:59:59'),
(64, '2020-12-23 14:00:00', '2020-12-23 14:59:59'),
(65, '2020-12-24 20:00:00', '2020-12-24 20:59:59'),
(66, '2020-12-28 05:00:00', '2020-12-28 05:59:59'),
(67, '2020-12-26 20:00:00', '2020-12-26 20:59:59'),
(68, '2020-12-28 11:00:00', '2020-12-28 11:59:59'),
(69, '2020-12-23 21:00:00', '2020-12-23 21:59:59'),
(70, '2020-12-26 09:00:00', '2020-12-26 09:59:59'),
(71, '2020-12-23 01:00:00', '2020-12-23 01:59:59'),
(72, '2020-12-28 13:00:00', '2020-12-28 13:59:59'),
(73, '2020-12-25 07:00:00', '2020-12-25 07:59:59'),
(74, '2020-12-27 23:00:00', '2020-12-27 23:59:59'),
(75, '2020-12-30 05:00:00', '2020-12-31 11:59:59'),
(76, '2020-12-25 09:00:00', '2020-12-25 09:59:59'),
(77, '2020-12-28 17:00:00', '2020-12-28 17:59:59'),
(78, '2020-12-26 14:00:00', '2020-12-26 14:59:59'),
(79, '2020-12-26 00:00:00', '2020-12-26 00:59:59'),
(80, '2020-12-28 10:00:00', '2020-12-28 10:59:59'),
(81, '2020-12-23 19:00:00', '2020-12-23 19:59:59'),
(82, '2020-12-25 03:00:00', '2020-12-25 03:59:59'),
(83, '2020-12-28 07:00:00', '2020-12-28 07:59:59'),
(84, '2020-12-28 12:00:00', '2020-12-28 12:59:59'),
(85, '2020-12-23 15:00:00', '2020-12-23 15:59:59'),
(86, '2020-12-24 06:00:00', '2020-12-24 06:59:59'),
(87, '2020-12-25 23:00:00', '2020-12-25 23:59:59'),
(88, '2020-12-23 16:00:00', '2020-12-23 16:59:59'),
(89, '2020-12-23 01:00:00', '2020-12-23 01:59:59'),
(90, '2020-12-28 02:00:00', '2020-12-28 02:59:59'),
(91, '2020-12-24 04:00:00', '2020-12-24 04:59:59'),
(92, '2020-12-26 09:00:00', '2020-12-26 09:59:59'),
(93, '2020-12-28 11:00:00', '2020-12-28 11:59:59'),
(94, '2020-12-25 00:00:00', '2020-12-25 00:59:59'),
(95, '2020-12-23 01:00:00', '2020-12-23 01:59:59'),
(96, '2020-12-28 08:00:00', '2020-12-28 08:59:59'),
(97, '2020-12-26 06:00:00', '2020-12-26 06:59:59'),
(98, '2020-12-27 07:00:00', '2020-12-27 07:59:59'),
(99, '2020-12-23 04:00:00', '2020-12-23 04:59:59');

-- --------------------------------------------------------

--
-- Table structure for table `event_test_appointment`
--

DROP TABLE IF EXISTS `event_test_appointment`;
CREATE TABLE `event_test_appointment` (
  `event_id` int(11) NOT NULL,
  `start_date` datetime NOT NULL,
  `end_date` datetime NOT NULL
) ENGINE=InnoDB DEFAULT CHARSET=utf8mb4 COLLATE=utf8mb4_turkish_ci;

--
-- Dumping data for table `event_test_appointment`
--

INSERT INTO `event_test_appointment` (`event_id`, `start_date`, `end_date`) VALUES
(5, '2021-12-16 08:40:00', '2021-12-16 09:40:00'),
(6, '2021-12-17 08:40:00', '2021-12-17 09:40:00');

-- --------------------------------------------------------

--
-- Table structure for table `feedback`
--

DROP TABLE IF EXISTS `feedback`;
CREATE TABLE `feedback` (
  `feedback_id` int(11) NOT NULL,
  `user_id` int(11) DEFAULT NULL COMMENT 'user may prefer to be anonymous',
  `type` enum('UNIVERSITY_REGULATIONS','UNIVERSITY_FEEDBACK','WEB_APP_SUGGESTION','WEB_APP_PROBLEMS') COLLATE utf8mb4_turkish_ci NOT NULL,
  `comment` text COLLATE utf8mb4_turkish_ci NOT NULL,
  `document` mediumblob DEFAULT NULL
) ENGINE=InnoDB DEFAULT CHARSET=utf8mb4 COLLATE=utf8mb4_turkish_ci;

-- --------------------------------------------------------

--
-- Table structure for table `password_reset_token`
--

DROP TABLE IF EXISTS `password_reset_token`;
CREATE TABLE `password_reset_token` (
  `id` int(11) NOT NULL,
  `user_id` int(11) NOT NULL,
  `token` varchar(255) COLLATE utf8mb4_turkish_ci NOT NULL,
  `generation_date` timestamp NOT NULL DEFAULT current_timestamp()
) ENGINE=InnoDB DEFAULT CHARSET=utf8mb4 COLLATE=utf8mb4_turkish_ci;

--
-- Dumping data for table `password_reset_token`
--

INSERT INTO `password_reset_token` (`id`, `user_id`, `token`, `generation_date`) VALUES
(37, 1, '2199f32fd981b4f20351961848e05ae9da00d82612f8fcf7e079e07fdab49c39', '2021-12-26 13:43:57');

-- --------------------------------------------------------

--
-- Stand-in structure for view `sport`
-- (See below for the actual view)
--
DROP VIEW IF EXISTS `sport`;
CREATE TABLE `sport` (
`event_id` int(11)
,`start_date` datetime
,`end_date` datetime
,`event_name` varchar(255)
,`place` varchar(255)
,`max_no_of_participant` int(11)
,`can_people_join` tinyint(1)
);

-- --------------------------------------------------------

--
-- Stand-in structure for view `sports_center_staff`
-- (See below for the actual view)
--
DROP VIEW IF EXISTS `sports_center_staff`;
CREATE TABLE `sports_center_staff` (
`id` int(11)
,`index_id` int(11)
,`name` varchar(255)
,`lastname` varchar(255)
,`email` varchar(255)
,`password_hash` varchar(255)
,`hescode` char(10)
,`hescode_status` tinyint(1)
,`profile_picture` blob
);

-- --------------------------------------------------------

--
-- Stand-in structure for view `student`
-- (See below for the actual view)
--
DROP VIEW IF EXISTS `student`;
CREATE TABLE `student` (
`id` int(11)
,`registration_date` timestamp
,`index_id` int(11)
,`name` varchar(255)
,`lastname` varchar(255)
,`email` varchar(255)
,`password_hash` varchar(255)
,`hescode` char(10)
,`hescode_status` tinyint(1)
,`profile_picture` blob
);

-- --------------------------------------------------------

--
-- Stand-in structure for view `test_appointment`
-- (See below for the actual view)
--
DROP VIEW IF EXISTS `test_appointment`;
CREATE TABLE `test_appointment` (
`event_id` int(11)
,`event_name` varchar(255)
,`place` varchar(255)
,`max_no_of_participant` int(11)
,`can_people_join` tinyint(1)
,`start_date` datetime
,`end_date` datetime
);

-- --------------------------------------------------------

--
-- Stand-in structure for view `university_administration`
-- (See below for the actual view)
--
DROP VIEW IF EXISTS `university_administration`;
CREATE TABLE `university_administration` (
`id` int(11)
,`index_id` int(11)
,`name` varchar(255)
,`lastname` varchar(255)
,`email` varchar(255)
,`password_hash` varchar(255)
,`hescode` char(10)
,`hescode_status` tinyint(1)
,`profile_picture` blob
);

-- --------------------------------------------------------

--
-- Table structure for table `user`
--

DROP TABLE IF EXISTS `user`;
CREATE TABLE `user` (
  `index_id` int(11) NOT NULL,
  `id` int(11) NOT NULL,
  `name` varchar(255) NOT NULL,
  `lastname` varchar(255) DEFAULT NULL,
  `email` varchar(255) NOT NULL,
  `password_hash` varchar(255) NOT NULL,
  `hescode` char(10) DEFAULT NULL,
  `hescode_status` tinyint(1) NOT NULL DEFAULT 1,
  `profile_picture` blob DEFAULT NULL
) ENGINE=InnoDB DEFAULT CHARSET=utf8mb4;

--
-- Dumping data for table `user`
--

INSERT INTO `user` (`index_id`, `id`, `name`, `lastname`, `email`, `password_hash`, `hescode`, `hescode_status`, `profile_picture`) VALUES
(1, 1, 'Muhammed Can', 'Küçükaslan', 'mck@mck', '$argon2i$v=19$m=65536,t=4,p=1$ZEhWcWZBTDFCQWJqUDYveg$XUE+jeVrAURW002U/lTvUWs4tym+5944DwlIWeTOEts', '0987654321', 1, NULL),
(2, 2, 'Mustafa', 'K', 'a@b', '$2a$10$j7fjSm.dNIIo7ovzBEIU7udL.IHKWl2X2ydCVm/cJHhyE50np9kw2', 'random', 1, NULL),
(3, 3, 'Mustafa', 'K3', 'a@c', '$2a$10$j7fjSm.dNIIo7ovzBEIU7udL.IHKWl2X2ydCVm/cJHhyE50np9kw2', '122', 1, NULL),
(5, 5, 'Manmoon', 'Fisher', 'a@e', '$2a$10$j7fjSm.dNIIo7ovzBEIU7udL.IHKWl2X2ydCVm/cJHhyE50np9kw2', '1234567890', 1, NULL),
(6, 123, 'Tanrıkulu', 'Ecdad', 'aatalar@mail.com', '$argon2id$v=19$m=16,t=2,p=1$bmtsc2thYTEydg$nZyzDsRW+HAiuyuMGNV+jg', 'feqfqf13', 1, NULL),
(9, 11, 'Register', 'Tester', 'q@w', '$argon2i$v=19$m=65536,t=4,p=1$T0FxL05xcGlac2p0cnNEYQ$i3nCwT70kdtT4wlZJCLfU06fBu0rK8m78Yzj3cAxTO8', '1f31ff', 1, NULL),
(10, 907, 'utku', 'jjjj', 'gg@ggsdjsıg.vom', '$argon2id$v=19$m=16,t=2,p=1$bmtsc2thYTEydg$nZyzDsRW+HAiuyuMGNV+jg', '1f31f31f1', 1, NULL),
(11, 22101023, 'Vladimir', 'Carroll', 'cursus@aol.com', '$argon2id$v=19$m=16,t=2,p=1$bmtsc2thYTEydg$nZyzDsRW+HAiuyuMGNV+jg', 'CCB46NY2TF', 1, NULL),
(12, 22101036, 'Blake', 'Haley', 'adipiscing@aol.edu', '$argon2id$v=19$m=16,t=2,p=1$bmtsc2thYTEydg$nZyzDsRW+HAiuyuMGNV+jg', 'MKV69QM7QN', 1, NULL),
(13, 22101049, 'Bianca', 'Lopez', 'molestie@aol.net', '$argon2id$v=19$m=16,t=2,p=1$bmtsc2thYTEydg$nZyzDsRW+HAiuyuMGNV+jg', 'LCY03BP1FS', 1, NULL),
(14, 22101062, 'Ryan', 'Holland', 'ullamcorper.velit@hotmail.com', '$argon2id$v=19$m=16,t=2,p=1$bmtsc2thYTEydg$nZyzDsRW+HAiuyuMGNV+jg', 'QRV92WK1FJ', 1, NULL),
(15, 22101075, 'Josiah', 'O\'Neill', 'vulputate.posuere@protonmail.edu', '$argon2id$v=19$m=16,t=2,p=1$bmtsc2thYTEydg$nZyzDsRW+HAiuyuMGNV+jg', 'IRL33KH3TE', 1, NULL),
(16, 22101088, 'Rosalyn', 'Hooper', 'massa@hotmail.net', '$argon2id$v=19$m=16,t=2,p=1$bmtsc2thYTEydg$nZyzDsRW+HAiuyuMGNV+jg', 'OFY89QC8WN', 1, NULL),
(17, 22101101, 'Brandon', 'Neal', 'lobortis.mauris.suspendisse@outlook.net', '$argon2id$v=19$m=16,t=2,p=1$bmtsc2thYTEydg$nZyzDsRW+HAiuyuMGNV+jg', 'CNI42OO2LH', 1, NULL),
(18, 22101114, 'Jocelyn', 'Sykes', 'duis.a.mi@yahoo.com', '$argon2id$v=19$m=16,t=2,p=1$bmtsc2thYTEydg$nZyzDsRW+HAiuyuMGNV+jg', 'UMD85RR8ZB', 1, NULL),
(19, 22101127, 'Georgia', 'Rich', 'cum.sociis@hotmail.com', '$argon2id$v=19$m=16,t=2,p=1$bmtsc2thYTEydg$nZyzDsRW+HAiuyuMGNV+jg', 'SPY70JM7VL', 1, NULL),
(20, 22101140, 'Brennan', 'Prince', 'orci.adipiscing.non@outlook.com', '$argon2id$v=19$m=16,t=2,p=1$bmtsc2thYTEydg$nZyzDsRW+HAiuyuMGNV+jg', 'LIN50CU1NS', 1, NULL),
(26, 22101153, 'Quon', 'Gilmore', 'vivamus.nisi.mauris@outlook.net', '$argon2id$v=19$m=16,t=2,p=1$bmtsc2thYTEydg$nZyzDsRW+HAiuyuMGNV+jg', 'DZB87XZ3XO', 1, NULL),
(27, 22101166, 'Craig', 'Mcfadden', 'aliquam@protonmail.com', '$argon2id$v=19$m=16,t=2,p=1$bmtsc2thYTEydg$nZyzDsRW+HAiuyuMGNV+jg', 'YVO80PQ6HR', 1, NULL),
(28, 22101179, 'Teegan', 'Caldwell', 'pede.cum@aol.couk', '$argon2id$v=19$m=16,t=2,p=1$bmtsc2thYTEydg$nZyzDsRW+HAiuyuMGNV+jg', 'FTB66DN9BS', 1, NULL),
(29, 22101192, 'Barry', 'Bradley', 'ligula@google.couk', '$argon2id$v=19$m=16,t=2,p=1$bmtsc2thYTEydg$nZyzDsRW+HAiuyuMGNV+jg', 'OVW01RC6RY', 1, NULL),
(30, 22101205, 'Kimberly', 'Hubbard', 'nibh.sit.amet@icloud.net', '$argon2id$v=19$m=16,t=2,p=1$bmtsc2thYTEydg$nZyzDsRW+HAiuyuMGNV+jg', 'ELF16BA9ZI', 1, NULL),
(31, 22101218, 'Tanek', 'Rowland', 'aliquam.rutrum.lorem@outlook.couk', '$argon2id$v=19$m=16,t=2,p=1$bmtsc2thYTEydg$nZyzDsRW+HAiuyuMGNV+jg', 'PGV73NV4OC', 1, NULL),
(32, 22101231, 'Kevin', 'Sandoval', 'rutrum.justo.praesent@protonmail.org', '$argon2id$v=19$m=16,t=2,p=1$bmtsc2thYTEydg$nZyzDsRW+HAiuyuMGNV+jg', 'PXJ17XH7LD', 1, NULL),
(33, 22101244, 'Devin', 'Raymond', 'sodales.nisi@yahoo.net', '$argon2id$v=19$m=16,t=2,p=1$bmtsc2thYTEydg$nZyzDsRW+HAiuyuMGNV+jg', 'RLL29MH8NE', 1, NULL),
(34, 22101257, 'Isadora', 'Wilkins', 'duis.ac@outlook.net', '$argon2id$v=19$m=16,t=2,p=1$bmtsc2thYTEydg$nZyzDsRW+HAiuyuMGNV+jg', 'PXP00QH2JR', 1, NULL),
(35, 22101270, 'Zephr', 'Boyd', 'vulputate.dui.nec@icloud.org', '$argon2id$v=19$m=16,t=2,p=1$bmtsc2thYTEydg$nZyzDsRW+HAiuyuMGNV+jg', 'MDQ28KK1BZ', 1, NULL),
(36, 22101283, 'Walter', 'Blevins', 'elit@hotmail.couk', '$argon2id$v=19$m=16,t=2,p=1$bmtsc2thYTEydg$nZyzDsRW+HAiuyuMGNV+jg', 'LXC70QO5AW', 1, NULL),
(37, 22101296, 'Keefe', 'Richards', 'cursus@outlook.org', '$argon2id$v=19$m=16,t=2,p=1$bmtsc2thYTEydg$nZyzDsRW+HAiuyuMGNV+jg', 'KOO03TQ6PR', 1, NULL),
(38, 22101309, 'Jeremy', 'O\'connor', 'adipiscing.non@protonmail.ca', '$argon2id$v=19$m=16,t=2,p=1$bmtsc2thYTEydg$nZyzDsRW+HAiuyuMGNV+jg', 'JRM85IM7QZ', 1, NULL),
(39, 22101322, 'Eaton', 'Burch', 'nulla.tempor@icloud.ca', '$argon2id$v=19$m=16,t=2,p=1$bmtsc2thYTEydg$nZyzDsRW+HAiuyuMGNV+jg', 'JDF24SW1ZI', 1, NULL),
(40, 404040, 'Hikmet', 'User', 'justo.eu.arcu@protonmail.couk', '$argon2id$v=19$m=16,t=2,p=1$bmtsc2thYTEydg$nZyzDsRW+HAiuyuMGNV+jg', 'yhfmig4og6', 1, NULL),
(41, 414141, 'Nita', 'Roman', 'nullam.vitae.diam@hotmail.ca', '$argon2id$v=19$m=16,t=2,p=1$bmtsc2thYTEydg$nZyzDsRW+HAiuyuMGNV+jg', NULL, 1, NULL),
(42, 424242, 'Julie', 'Holloway', 'sit@outlook.edu', '$argon2id$v=19$m=16,t=2,p=1$bmtsc2thYTEydg$nZyzDsRW+HAiuyuMGNV+jg', NULL, 1, NULL),
(43, 434343, 'Wendy', 'Jordan', 'pede.cum.sociis@google.edu', '$argon2id$v=19$m=16,t=2,p=1$bmtsc2thYTEydg$nZyzDsRW+HAiuyuMGNV+jg', NULL, 1, NULL),
(44, 22101387, 'Carolyn', 'Kramer', 'aliquet.odio@outlook.ca', '$argon2id$v=19$m=16,t=2,p=1$bmtsc2thYTEydg$nZyzDsRW+HAiuyuMGNV+jg', 'LCP84JP5EY', 1, NULL),
(45, 22101400, 'Driscoll', 'Robbins', 'laoreet.libero@outlook.couk', '$argon2id$v=19$m=16,t=2,p=1$bmtsc2thYTEydg$nZyzDsRW+HAiuyuMGNV+jg', 'XAY52BI0YW', 1, NULL),
(46, 22101413, 'Travis', 'Noble', 'urna.nec@aol.ca', '$argon2id$v=19$m=16,t=2,p=1$bmtsc2thYTEydg$nZyzDsRW+HAiuyuMGNV+jg', 'LUN15BV6DS', 1, NULL),
(47, 22101426, 'Troy', 'Jacobson', 'lobortis.nisi@outlook.couk', '$argon2id$v=19$m=16,t=2,p=1$bmtsc2thYTEydg$nZyzDsRW+HAiuyuMGNV+jg', 'IQQ48EW6LX', 1, NULL),
(48, 22101439, 'Denton', 'Callahan', 'etiam@icloud.ca', '$argon2id$v=19$m=16,t=2,p=1$bmtsc2thYTEydg$nZyzDsRW+HAiuyuMGNV+jg', 'GLE72IX9PD', 1, NULL),
(49, 22101452, 'Cadman', 'Crane', 'dolor.elit@protonmail.ca', '$argon2id$v=19$m=16,t=2,p=1$bmtsc2thYTEydg$nZyzDsRW+HAiuyuMGNV+jg', 'WRQ66CN1LI', 1, NULL),
(50, 22101465, 'Liberty', 'Sargent', 'adipiscing.elit@yahoo.com', '$argon2id$v=19$m=16,t=2,p=1$bmtsc2thYTEydg$nZyzDsRW+HAiuyuMGNV+jg', 'EOP54PL7UM', 1, NULL),
(51, 22101478, 'Odysseus', 'Hood', 'sit.amet.orci@icloud.org', '$argon2id$v=19$m=16,t=2,p=1$bmtsc2thYTEydg$nZyzDsRW+HAiuyuMGNV+jg', 'VQQ45FM7TN', 1, NULL),
(52, 22101491, 'Patricia', 'Ellison', 'non.dapibus@outlook.com', '$argon2id$v=19$m=16,t=2,p=1$bmtsc2thYTEydg$nZyzDsRW+HAiuyuMGNV+jg', 'GPG68SB1NH', 1, NULL),
(53, 22101504, 'Neve', 'Bentley', 'mauris.suspendisse@aol.org', '$argon2id$v=19$m=16,t=2,p=1$bmtsc2thYTEydg$nZyzDsRW+HAiuyuMGNV+jg', 'GFI45NR1GJ', 1, NULL),
(54, 22101517, 'Colin', 'Key', 'gravida.molestie@outlook.couk', '$argon2id$v=19$m=16,t=2,p=1$bmtsc2thYTEydg$nZyzDsRW+HAiuyuMGNV+jg', 'XHN39PU9YV', 1, NULL),
(55, 22101530, 'TaShya', 'Carey', 'enim.etiam@icloud.edu', '$argon2id$v=19$m=16,t=2,p=1$bmtsc2thYTEydg$nZyzDsRW+HAiuyuMGNV+jg', 'YIF53PP2KS', 1, NULL),
(56, 22101543, 'Cullen', 'Frazier', 'ipsum.phasellus@icloud.couk', '$argon2id$v=19$m=16,t=2,p=1$bmtsc2thYTEydg$nZyzDsRW+HAiuyuMGNV+jg', 'LRO16IH7SG', 1, NULL),
(57, 22101556, 'Cailin', 'Thornton', 'lorem.ac@google.couk', '$argon2id$v=19$m=16,t=2,p=1$bmtsc2thYTEydg$nZyzDsRW+HAiuyuMGNV+jg', 'CHZ89ZP8JO', 1, NULL),
(58, 22101569, 'Zahir', 'Mcintyre', 'ipsum.porta@aol.ca', '$argon2id$v=19$m=16,t=2,p=1$bmtsc2thYTEydg$nZyzDsRW+HAiuyuMGNV+jg', 'FKH68DX6YX', 1, NULL),
(59, 22101582, 'Courtney', 'Flores', 'et.netus.et@google.net', '$argon2id$v=19$m=16,t=2,p=1$bmtsc2thYTEydg$nZyzDsRW+HAiuyuMGNV+jg', 'NWT83KJ5SO', 1, NULL),
(60, 22101595, 'Abigail', 'Benjamin', 'sem@aol.couk', '$argon2id$v=19$m=16,t=2,p=1$bmtsc2thYTEydg$nZyzDsRW+HAiuyuMGNV+jg', 'SNM65CN5SR', 1, NULL),
(61, 22101608, 'Basia', 'Daugherty', 'lobortis@google.edu', '$argon2id$v=19$m=16,t=2,p=1$bmtsc2thYTEydg$nZyzDsRW+HAiuyuMGNV+jg', 'VPD84NA6YH', 1, NULL),
(62, 22101621, 'Cailin', 'Saunders', 'odio.tristique@protonmail.edu', '$argon2id$v=19$m=16,t=2,p=1$bmtsc2thYTEydg$nZyzDsRW+HAiuyuMGNV+jg', 'MBO62DO0BT', 1, NULL),
(63, 22101634, 'Megan', 'Owens', 'ullamcorper@aol.com', '$argon2id$v=19$m=16,t=2,p=1$bmtsc2thYTEydg$nZyzDsRW+HAiuyuMGNV+jg', 'TKD12XZ2DX', 1, NULL),
(64, 22101647, 'Salvador', 'Knight', 'turpis.aliquam.adipiscing@outlook.ca', '$argon2id$v=19$m=16,t=2,p=1$bmtsc2thYTEydg$nZyzDsRW+HAiuyuMGNV+jg', 'TGI14YQ0VD', 1, NULL),
(65, 22101660, 'Reed', 'Baker', 'eu.metus@icloud.org', '$argon2id$v=19$m=16,t=2,p=1$bmtsc2thYTEydg$nZyzDsRW+HAiuyuMGNV+jg', 'HYQ18IS1TY', 1, NULL),
(66, 22101673, 'Zorita', 'Baker', 'fringilla.euismod@google.ca', '$argon2id$v=19$m=16,t=2,p=1$bmtsc2thYTEydg$nZyzDsRW+HAiuyuMGNV+jg', 'EVE46JP8NN', 1, NULL),
(67, 22101686, 'Arsenio', 'Whitehead', 'id.mollis@hotmail.couk', '$argon2id$v=19$m=16,t=2,p=1$bmtsc2thYTEydg$nZyzDsRW+HAiuyuMGNV+jg', 'GHG46KO7FF', 1, NULL),
(68, 22101699, 'Wesley', 'Merritt', 'lectus.pede@protonmail.ca', '$argon2id$v=19$m=16,t=2,p=1$bmtsc2thYTEydg$nZyzDsRW+HAiuyuMGNV+jg', 'RLQ57WN2UU', 1, NULL),
(69, 22101712, 'Stacey', 'Norman', 'at.fringilla.purus@aol.ca', '$argon2id$v=19$m=16,t=2,p=1$bmtsc2thYTEydg$nZyzDsRW+HAiuyuMGNV+jg', 'RAG80DH9MN', 1, NULL),
(70, 22101725, 'Madaline', 'Petty', 'egestas.aliquam@outlook.org', '$argon2id$v=19$m=16,t=2,p=1$bmtsc2thYTEydg$nZyzDsRW+HAiuyuMGNV+jg', 'GEJ48JG1UW', 1, NULL),
(71, 22101738, 'Ifeoma', 'Fitzpatrick', 'vitae.sodales.at@icloud.org', '$argon2id$v=19$m=16,t=2,p=1$bmtsc2thYTEydg$nZyzDsRW+HAiuyuMGNV+jg', 'TVT57NG1QF', 1, NULL),
(72, 22101751, 'Lacota', 'Vazquez', 'augue.id@aol.com', '$argon2id$v=19$m=16,t=2,p=1$bmtsc2thYTEydg$nZyzDsRW+HAiuyuMGNV+jg', 'GUZ87BP2NY', 1, NULL),
(73, 22101764, 'Herman', 'Hess', 'mattis.ornare@hotmail.couk', '$argon2id$v=19$m=16,t=2,p=1$bmtsc2thYTEydg$nZyzDsRW+HAiuyuMGNV+jg', 'DWH86TW5AI', 1, NULL),
(74, 22101777, 'Wallace', 'Bullock', 'placerat.eget.venenatis@icloud.edu', '$argon2id$v=19$m=16,t=2,p=1$bmtsc2thYTEydg$nZyzDsRW+HAiuyuMGNV+jg', 'QVV11LF1LI', 1, NULL),
(75, 22101790, 'Dacey', 'Humphrey', 'sit.amet@google.com', '$argon2id$v=19$m=16,t=2,p=1$bmtsc2thYTEydg$nZyzDsRW+HAiuyuMGNV+jg', 'MSJ84YI4CA', 1, NULL),
(76, 22101803, 'Mary', 'Hunt', 'sapien.aenean@protonmail.net', '$argon2id$v=19$m=16,t=2,p=1$bmtsc2thYTEydg$nZyzDsRW+HAiuyuMGNV+jg', 'XCW63BO1AM', 1, NULL),
(77, 22101816, 'Alexandra', 'Silva', 'mauris@protonmail.com', '$argon2id$v=19$m=16,t=2,p=1$bmtsc2thYTEydg$nZyzDsRW+HAiuyuMGNV+jg', 'XYS16TK7NF', 1, NULL),
(78, 22101829, 'Melinda', 'Bruce', 'pharetra.sed@yahoo.net', '$argon2id$v=19$m=16,t=2,p=1$bmtsc2thYTEydg$nZyzDsRW+HAiuyuMGNV+jg', 'ZSS62UQ3RP', 1, NULL),
(79, 22101842, 'Erica', 'Hahn', 'sit.amet@yahoo.net', '$argon2id$v=19$m=16,t=2,p=1$bmtsc2thYTEydg$nZyzDsRW+HAiuyuMGNV+jg', 'WEO87KC2WQ', 1, NULL),
(80, 22101855, 'Abel', 'Newton', 'eget.lacus.mauris@protonmail.edu', '$argon2id$v=19$m=16,t=2,p=1$bmtsc2thYTEydg$nZyzDsRW+HAiuyuMGNV+jg', 'QDV76KW3CF', 1, NULL),
(81, 22101868, 'Kerry', 'Fox', 'in.nec.orci@aol.net', '$argon2id$v=19$m=16,t=2,p=1$bmtsc2thYTEydg$nZyzDsRW+HAiuyuMGNV+jg', 'GEE33WQ0DE', 1, NULL),
(82, 22101881, 'Cadman', 'Delaney', 'pellentesque.ut.ipsum@google.org', '$argon2id$v=19$m=16,t=2,p=1$bmtsc2thYTEydg$nZyzDsRW+HAiuyuMGNV+jg', 'IWG14VQ4TM', 1, NULL),
(83, 22101894, 'Daryl', 'Hart', 'nisl.quisque.fringilla@icloud.couk', '$argon2id$v=19$m=16,t=2,p=1$bmtsc2thYTEydg$nZyzDsRW+HAiuyuMGNV+jg', 'JFU36LU1ET', 1, NULL),
(84, 22101907, 'Yoko', 'Sanford', 'lectus.quis.massa@icloud.ca', '$argon2id$v=19$m=16,t=2,p=1$bmtsc2thYTEydg$nZyzDsRW+HAiuyuMGNV+jg', 'EVR58QU9NR', 1, NULL),
(85, 22101920, 'Eve', 'Spencer', 'nullam@outlook.couk', '$argon2id$v=19$m=16,t=2,p=1$bmtsc2thYTEydg$nZyzDsRW+HAiuyuMGNV+jg', 'OKD14JQ3KX', 1, NULL),
(86, 22101933, 'Mona', 'Martin', 'nisi@icloud.ca', '$argon2id$v=19$m=16,t=2,p=1$bmtsc2thYTEydg$nZyzDsRW+HAiuyuMGNV+jg', 'CTA10RP3EK', 1, NULL),
(87, 22101946, 'Burton', 'Gilmore', 'quisque@aol.com', '$argon2id$v=19$m=16,t=2,p=1$bmtsc2thYTEydg$nZyzDsRW+HAiuyuMGNV+jg', 'OEF94JR8EM', 1, NULL),
(88, 22101959, 'Remedios', 'Munoz', 'molestie@aol.org', '$argon2id$v=19$m=16,t=2,p=1$bmtsc2thYTEydg$nZyzDsRW+HAiuyuMGNV+jg', 'QQL77MX7UZ', 1, NULL),
(89, 22101972, 'Nehru', 'Sargent', 'cum.sociis.natoque@google.edu', '$argon2id$v=19$m=16,t=2,p=1$bmtsc2thYTEydg$nZyzDsRW+HAiuyuMGNV+jg', 'SBS54OJ4JN', 1, NULL),
(90, 22101985, 'Drew', 'Love', 'quis.pede@google.edu', '$argon2id$v=19$m=16,t=2,p=1$bmtsc2thYTEydg$nZyzDsRW+HAiuyuMGNV+jg', 'WEW62DG4XM', 1, NULL),
(91, 22101998, 'Whoopi', 'Franco', 'sapien.gravida@google.edu', '$argon2id$v=19$m=16,t=2,p=1$bmtsc2thYTEydg$nZyzDsRW+HAiuyuMGNV+jg', 'YKZ32BM6GT', 1, NULL),
(92, 22102011, 'Cade', 'Richardson', 'lorem.vehicula.et@outlook.org', '$argon2id$v=19$m=16,t=2,p=1$bmtsc2thYTEydg$nZyzDsRW+HAiuyuMGNV+jg', 'IXR57QP2UU', 1, NULL),
(93, 22102024, 'Holmes', 'Kaufman', 'enim.consequat@yahoo.net', '$argon2id$v=19$m=16,t=2,p=1$bmtsc2thYTEydg$nZyzDsRW+HAiuyuMGNV+jg', 'QVE58DW6TS', 1, NULL),
(94, 22102037, 'Perry', 'Mccray', 'vel.arcu@google.com', '$argon2id$v=19$m=16,t=2,p=1$bmtsc2thYTEydg$nZyzDsRW+HAiuyuMGNV+jg', 'QBJ12LX2VN', 1, NULL),
(95, 22102050, 'Odette', 'Whitney', 'duis.at.lacus@yahoo.net', '$argon2id$v=19$m=16,t=2,p=1$bmtsc2thYTEydg$nZyzDsRW+HAiuyuMGNV+jg', 'NLH38WO7FN', 1, NULL),
(96, 22102063, 'Uma', 'Duncan', 'aliquam.erat@icloud.edu', '$argon2id$v=19$m=16,t=2,p=1$bmtsc2thYTEydg$nZyzDsRW+HAiuyuMGNV+jg', 'WLY03SW2DJ', 1, NULL),
(97, 22102076, 'Doris', 'Griffin', 'in.mi@outlook.ca', '$argon2id$v=19$m=16,t=2,p=1$bmtsc2thYTEydg$nZyzDsRW+HAiuyuMGNV+jg', 'KUG38GL6DL', 1, NULL),
(98, 22102089, 'Prescott', 'Vaughn', 'magna.cras@protonmail.couk', '$argon2id$v=19$m=16,t=2,p=1$bmtsc2thYTEydg$nZyzDsRW+HAiuyuMGNV+jg', 'ITM16MS1GL', 1, NULL),
(99, 22102102, 'Vladimir', 'Gilmore', 'adipiscing.ligula@aol.edu', '$argon2id$v=19$m=16,t=2,p=1$bmtsc2thYTEydg$nZyzDsRW+HAiuyuMGNV+jg', 'SQM38PV7HG', 1, NULL),
(100, 22102115, 'Isaac', 'Crane', 'ornare.lectus@icloud.ca', '$argon2id$v=19$m=16,t=2,p=1$bmtsc2thYTEydg$nZyzDsRW+HAiuyuMGNV+jg', 'ELY50SM1VP', 1, NULL),
(101, 22102128, 'Allen', 'Medina', 'at@yahoo.com', '$argon2id$v=19$m=16,t=2,p=1$bmtsc2thYTEydg$nZyzDsRW+HAiuyuMGNV+jg', 'MSH75YQ1OR', 1, NULL),
(102, 22102141, 'Shellie', 'Pena', 'cursus.vestibulum@aol.couk', '$argon2id$v=19$m=16,t=2,p=1$bmtsc2thYTEydg$nZyzDsRW+HAiuyuMGNV+jg', 'OZK56MP5MX', 1, NULL),
(103, 22102154, 'Amanda', 'Bates', 'tempor.diam@outlook.org', '$argon2id$v=19$m=16,t=2,p=1$bmtsc2thYTEydg$nZyzDsRW+HAiuyuMGNV+jg', 'CKI31OF8PC', 1, NULL),
(104, 22102167, 'Marah', 'Lang', 'vulputate.lacus@google.couk', '$argon2id$v=19$m=16,t=2,p=1$bmtsc2thYTEydg$nZyzDsRW+HAiuyuMGNV+jg', 'GDH27HP3HO', 1, NULL),
(105, 22102180, 'Montana', 'Henderson', 'sed.id@yahoo.ca', '$argon2id$v=19$m=16,t=2,p=1$bmtsc2thYTEydg$nZyzDsRW+HAiuyuMGNV+jg', 'RRF06IA0XB', 1, NULL),
(106, 22102193, 'Signe', 'Gordon', 'penatibus@hotmail.couk', '$argon2id$v=19$m=16,t=2,p=1$bmtsc2thYTEydg$nZyzDsRW+HAiuyuMGNV+jg', 'MUH68CI3EX', 1, NULL),
(107, 22102206, 'Zia', 'Huffman', 'eu@google.org', '$argon2id$v=19$m=16,t=2,p=1$bmtsc2thYTEydg$nZyzDsRW+HAiuyuMGNV+jg', 'GPH71JV8YL', 1, NULL),
(108, 22102219, 'Carla', 'Bruce', 'et.ultrices.posuere@google.net', '$argon2id$v=19$m=16,t=2,p=1$bmtsc2thYTEydg$nZyzDsRW+HAiuyuMGNV+jg', 'SQE72UC1QU', 1, NULL),
(109, 22102232, 'Garrett', 'Rhodes', 'nec.quam@hotmail.net', '$argon2id$v=19$m=16,t=2,p=1$bmtsc2thYTEydg$nZyzDsRW+HAiuyuMGNV+jg', 'IDW68DD0VS', 1, NULL),
(110, 22102245, 'Jeremy', 'Hunter', 'magna@yahoo.ca', '$argon2id$v=19$m=16,t=2,p=1$bmtsc2thYTEydg$nZyzDsRW+HAiuyuMGNV+jg', 'UXW30CI1GW', 1, NULL),
(111, 22102258, 'Evan', 'Lawson', 'ligula@hotmail.couk', '$argon2id$v=19$m=16,t=2,p=1$bmtsc2thYTEydg$nZyzDsRW+HAiuyuMGNV+jg', 'OWE68JE1LF', 1, NULL),
(112, 22102271, 'Kuame', 'Freeman', 'magna@protonmail.net', '$argon2id$v=19$m=16,t=2,p=1$bmtsc2thYTEydg$nZyzDsRW+HAiuyuMGNV+jg', 'KFP87IH6DN', 1, NULL),
(113, 22102284, 'Aidan', 'Albert', 'sed.libero@yahoo.ca', '$argon2id$v=19$m=16,t=2,p=1$bmtsc2thYTEydg$nZyzDsRW+HAiuyuMGNV+jg', 'INX34BB3DK', 1, NULL),
(114, 22102297, 'Daquan', 'Sellers', 'magna.praesent.interdum@yahoo.com', '$argon2id$v=19$m=16,t=2,p=1$bmtsc2thYTEydg$nZyzDsRW+HAiuyuMGNV+jg', 'XWH61SX0YU', 1, NULL),
(115, 22102310, 'Jacob', 'O\'donnell', 'auctor.ullamcorper@aol.org', '$argon2id$v=19$m=16,t=2,p=1$bmtsc2thYTEydg$nZyzDsRW+HAiuyuMGNV+jg', 'MWF84LI1JM', 1, NULL),
(116, 22102323, 'Josephine', 'Tate', 'nulla.dignissim@yahoo.com', '$argon2id$v=19$m=16,t=2,p=1$bmtsc2thYTEydg$nZyzDsRW+HAiuyuMGNV+jg', 'JHJ34HW7GM', 1, NULL),
(117, 22102336, 'Elmo', 'Valenzuela', 'consequat.auctor@yahoo.org', '$argon2id$v=19$m=16,t=2,p=1$bmtsc2thYTEydg$nZyzDsRW+HAiuyuMGNV+jg', 'EIA63DD5WK', 1, NULL),
(118, 22102349, 'Jescie', 'Hartman', 'lorem.donec@yahoo.com', '$argon2id$v=19$m=16,t=2,p=1$bmtsc2thYTEydg$nZyzDsRW+HAiuyuMGNV+jg', 'SFF37QK3BK', 1, NULL),
(119, 22102362, 'Yasir', 'Frederick', 'lectus.rutrum.urna@google.org', '$argon2id$v=19$m=16,t=2,p=1$bmtsc2thYTEydg$nZyzDsRW+HAiuyuMGNV+jg', 'BJT44DT3AX', 1, NULL),
(120, 22102375, 'Matthew', 'Richardson', 'est.mollis.non@yahoo.ca', '$argon2id$v=19$m=16,t=2,p=1$bmtsc2thYTEydg$nZyzDsRW+HAiuyuMGNV+jg', 'UNZ47PP2FV', 1, NULL),
(121, 22102388, 'Kennedy', 'Workman', 'arcu.vel@aol.com', '$argon2id$v=19$m=16,t=2,p=1$bmtsc2thYTEydg$nZyzDsRW+HAiuyuMGNV+jg', 'WJM20VH7LU', 1, NULL),
(122, 22102401, 'Hyacinth', 'Delgado', 'diam@outlook.net', '$argon2id$v=19$m=16,t=2,p=1$bmtsc2thYTEydg$nZyzDsRW+HAiuyuMGNV+jg', 'DVP23NU0RN', 1, NULL),
(123, 22102414, 'Lee', 'Russell', 'nec.eleifend@yahoo.couk', '$argon2id$v=19$m=16,t=2,p=1$bmtsc2thYTEydg$nZyzDsRW+HAiuyuMGNV+jg', 'RFR18IZ3MV', 1, NULL),
(124, 22102427, 'Anjolie', 'Case', 'nisl.elementum@google.net', '$argon2id$v=19$m=16,t=2,p=1$bmtsc2thYTEydg$nZyzDsRW+HAiuyuMGNV+jg', 'FLY75SE2RJ', 1, NULL),
(125, 22102440, 'Sonya', 'Sparks', 'enim@aol.couk', '$argon2id$v=19$m=16,t=2,p=1$bmtsc2thYTEydg$nZyzDsRW+HAiuyuMGNV+jg', 'PBL13GJ3MJ', 1, NULL),
(126, 22102453, 'Kiara', 'Vasquez', 'enim.curabitur.massa@outlook.ca', '$argon2id$v=19$m=16,t=2,p=1$bmtsc2thYTEydg$nZyzDsRW+HAiuyuMGNV+jg', 'DMG12SN6PJ', 1, NULL),
(127, 22102466, 'Ifeoma', 'Fulton', 'ullamcorper.duis@protonmail.ca', '$argon2id$v=19$m=16,t=2,p=1$bmtsc2thYTEydg$nZyzDsRW+HAiuyuMGNV+jg', 'SLF96RR3HN', 1, NULL),
(128, 22102479, 'Colleen', 'Bush', 'et.magna@aol.couk', '$argon2id$v=19$m=16,t=2,p=1$bmtsc2thYTEydg$nZyzDsRW+HAiuyuMGNV+jg', 'QHE42VV2FD', 1, NULL),
(129, 22102492, 'Bevis', 'Vazquez', 'sed.neque.sed@protonmail.net', '$argon2id$v=19$m=16,t=2,p=1$bmtsc2thYTEydg$nZyzDsRW+HAiuyuMGNV+jg', 'ACV18QX8XU', 1, NULL),
(130, 22102505, 'Dominic', 'Dunlap', 'velit.aliquam@outlook.couk', '$argon2id$v=19$m=16,t=2,p=1$bmtsc2thYTEydg$nZyzDsRW+HAiuyuMGNV+jg', 'HGR32VG7NB', 1, NULL),
(131, 22102518, 'Amal', 'Peterson', 'enim@aol.net', '$argon2id$v=19$m=16,t=2,p=1$bmtsc2thYTEydg$nZyzDsRW+HAiuyuMGNV+jg', 'FEM63SJ3UW', 1, NULL),
(132, 22102531, 'Margaret', 'Joyner', 'eget.mollis.lectus@google.org', '$argon2id$v=19$m=16,t=2,p=1$bmtsc2thYTEydg$nZyzDsRW+HAiuyuMGNV+jg', 'XWV42LI1BB', 1, NULL),
(133, 22102544, 'Roanna', 'Parrish', 'cursus.et@yahoo.org', '$argon2id$v=19$m=16,t=2,p=1$bmtsc2thYTEydg$nZyzDsRW+HAiuyuMGNV+jg', 'ZRT56TO8BY', 1, NULL),
(134, 22102557, 'Carly', 'Singleton', 'ante@aol.net', '$argon2id$v=19$m=16,t=2,p=1$bmtsc2thYTEydg$nZyzDsRW+HAiuyuMGNV+jg', 'PLM50BN8PB', 1, NULL),
(135, 22102570, 'Rachel', 'Douglas', 'diam.sed@google.org', '$argon2id$v=19$m=16,t=2,p=1$bmtsc2thYTEydg$nZyzDsRW+HAiuyuMGNV+jg', 'VUF21WC4FO', 1, NULL),
(136, 22102583, 'Joseph', 'Fields', 'penatibus.et@outlook.com', '$argon2id$v=19$m=16,t=2,p=1$bmtsc2thYTEydg$nZyzDsRW+HAiuyuMGNV+jg', 'VHT84YA6CF', 1, NULL),
(137, 22102596, 'Kadeem', 'Park', 'ultrices.mauris.ipsum@yahoo.ca', '$argon2id$v=19$m=16,t=2,p=1$bmtsc2thYTEydg$nZyzDsRW+HAiuyuMGNV+jg', 'KFJ12AP7LD', 1, NULL),
(138, 22102609, 'Robert', 'Herrera', 'arcu.aliquam@aol.net', '$argon2id$v=19$m=16,t=2,p=1$bmtsc2thYTEydg$nZyzDsRW+HAiuyuMGNV+jg', 'YAG38TW7ZK', 1, NULL),
(139, 22102622, 'Martha', 'Chan', 'curabitur@protonmail.com', '$argon2id$v=19$m=16,t=2,p=1$bmtsc2thYTEydg$nZyzDsRW+HAiuyuMGNV+jg', 'GVS20PW6BC', 1, NULL),
(140, 22102635, 'Griffith', 'Jacobs', 'eu.metus@aol.org', '$argon2id$v=19$m=16,t=2,p=1$bmtsc2thYTEydg$nZyzDsRW+HAiuyuMGNV+jg', 'PKT47TE8BJ', 1, NULL),
(141, 22102648, 'Colt', 'Simpson', 'vulputate@aol.couk', '$argon2id$v=19$m=16,t=2,p=1$bmtsc2thYTEydg$nZyzDsRW+HAiuyuMGNV+jg', 'MJD28MW4US', 1, NULL),
(142, 22102661, 'Sandra', 'Pratt', 'ac.nulla.in@protonmail.org', '$argon2id$v=19$m=16,t=2,p=1$bmtsc2thYTEydg$nZyzDsRW+HAiuyuMGNV+jg', 'LNI85ZB0GB', 1, NULL),
(143, 22102674, 'Rhona', 'Sweet', 'ornare.in@yahoo.couk', '$argon2id$v=19$m=16,t=2,p=1$bmtsc2thYTEydg$nZyzDsRW+HAiuyuMGNV+jg', 'TBD48IJ7EN', 1, NULL),
(144, 22102687, 'Ezra', 'Giles', 'nibh@outlook.ca', '$argon2id$v=19$m=16,t=2,p=1$bmtsc2thYTEydg$nZyzDsRW+HAiuyuMGNV+jg', 'XQW64XV6ZN', 1, NULL),
(145, 22102700, 'Fulton', 'Foster', 'orci.ut.semper@google.net', '$argon2id$v=19$m=16,t=2,p=1$bmtsc2thYTEydg$nZyzDsRW+HAiuyuMGNV+jg', 'CVR50EG7MO', 1, NULL),
(146, 22102713, 'Moses', 'Castillo', 'dolor.tempus@yahoo.org', '$argon2id$v=19$m=16,t=2,p=1$bmtsc2thYTEydg$nZyzDsRW+HAiuyuMGNV+jg', 'WXX42VG0TK', 1, NULL),
(147, 22102726, 'Brendan', 'Mccullough', 'libero.est@hotmail.com', '$argon2id$v=19$m=16,t=2,p=1$bmtsc2thYTEydg$nZyzDsRW+HAiuyuMGNV+jg', 'DKP47HD7NW', 1, NULL),
(148, 22102739, 'Tanner', 'Sargent', 'erat.nonummy@aol.com', '$argon2id$v=19$m=16,t=2,p=1$bmtsc2thYTEydg$nZyzDsRW+HAiuyuMGNV+jg', 'AAW60PC5WT', 1, NULL),
(149, 22102752, 'Noel', 'Mccray', 'erat.neque@google.org', '$argon2id$v=19$m=16,t=2,p=1$bmtsc2thYTEydg$nZyzDsRW+HAiuyuMGNV+jg', 'GSK90WQ7DN', 1, NULL),
(150, 22102765, 'Belle', 'Carey', 'ut@icloud.ca', '$argon2id$v=19$m=16,t=2,p=1$bmtsc2thYTEydg$nZyzDsRW+HAiuyuMGNV+jg', 'HPA87UD4EF', 1, NULL),
(151, 22102778, 'Zenaida', 'Duffy', 'parturient.montes.nascetur@protonmail.ca', '$argon2id$v=19$m=16,t=2,p=1$bmtsc2thYTEydg$nZyzDsRW+HAiuyuMGNV+jg', 'NTG64FQ3EF', 1, NULL),
(152, 22102791, 'Camden', 'Gay', 'vestibulum.mauris.magna@yahoo.edu', '$argon2id$v=19$m=16,t=2,p=1$bmtsc2thYTEydg$nZyzDsRW+HAiuyuMGNV+jg', 'OIK76ZU6CU', 1, NULL),
(153, 22102804, 'Clinton', 'Craft', 'mi@google.edu', '$argon2id$v=19$m=16,t=2,p=1$bmtsc2thYTEydg$nZyzDsRW+HAiuyuMGNV+jg', 'PUS88IW4QH', 1, NULL),
(154, 22102817, 'Gary', 'Daniels', 'aliquam.iaculis@outlook.edu', '$argon2id$v=19$m=16,t=2,p=1$bmtsc2thYTEydg$nZyzDsRW+HAiuyuMGNV+jg', 'NPQ76TR7UN', 1, NULL),
(155, 22102830, 'Freya', 'Bowers', 'blandit.mattis.cras@aol.ca', '$argon2id$v=19$m=16,t=2,p=1$bmtsc2thYTEydg$nZyzDsRW+HAiuyuMGNV+jg', 'NRX26BQ9OX', 1, NULL),
(156, 22102843, 'Lydia', 'Patterson', 'a.nunc.in@hotmail.ca', '$argon2id$v=19$m=16,t=2,p=1$bmtsc2thYTEydg$nZyzDsRW+HAiuyuMGNV+jg', 'QSY35YW6GL', 1, NULL),
(157, 22102856, 'Dieter', 'Cash', 'integer.eu.lacus@google.net', '$argon2id$v=19$m=16,t=2,p=1$bmtsc2thYTEydg$nZyzDsRW+HAiuyuMGNV+jg', 'EUU81QC8FO', 1, NULL),
(158, 22102869, 'Kathleen', 'Keith', 'sollicitudin@icloud.ca', '$argon2id$v=19$m=16,t=2,p=1$bmtsc2thYTEydg$nZyzDsRW+HAiuyuMGNV+jg', 'ZLZ25SL0PB', 1, NULL),
(159, 22102882, 'Risa', 'Warner', 'nibh.aliquam.ornare@hotmail.edu', '$argon2id$v=19$m=16,t=2,p=1$bmtsc2thYTEydg$nZyzDsRW+HAiuyuMGNV+jg', 'GGO61QD8JE', 1, NULL),
(160, 22102895, 'Ivor', 'French', 'nec.eleifend.non@yahoo.net', '$argon2id$v=19$m=16,t=2,p=1$bmtsc2thYTEydg$nZyzDsRW+HAiuyuMGNV+jg', 'XFY54BH8PB', 1, NULL),
(161, 22102908, 'Flynn', 'Carney', 'gravida@protonmail.couk', '$argon2id$v=19$m=16,t=2,p=1$bmtsc2thYTEydg$nZyzDsRW+HAiuyuMGNV+jg', 'SNW44TN5NR', 1, NULL),
(162, 22102921, 'Bethany', 'Oneal', 'nonummy.ut.molestie@hotmail.net', '$argon2id$v=19$m=16,t=2,p=1$bmtsc2thYTEydg$nZyzDsRW+HAiuyuMGNV+jg', 'MZC51UV1MB', 1, NULL),
(163, 22102934, 'Jerome', 'Clements', 'quisque.varius@hotmail.org', '$argon2id$v=19$m=16,t=2,p=1$bmtsc2thYTEydg$nZyzDsRW+HAiuyuMGNV+jg', 'VQC81IL4WL', 1, NULL),
(164, 22102947, 'Marvin', 'Mckinney', 'mauris.eu@icloud.org', '$argon2id$v=19$m=16,t=2,p=1$bmtsc2thYTEydg$nZyzDsRW+HAiuyuMGNV+jg', 'CDZ13FS7KK', 1, NULL),
(165, 22102960, 'Lamar', 'Yang', 'mollis.phasellus.libero@hotmail.net', '$argon2id$v=19$m=16,t=2,p=1$bmtsc2thYTEydg$nZyzDsRW+HAiuyuMGNV+jg', 'LMK28XB7WR', 1, NULL),
(166, 22102973, 'Stacy', 'Gross', 'id.ante@google.com', '$argon2id$v=19$m=16,t=2,p=1$bmtsc2thYTEydg$nZyzDsRW+HAiuyuMGNV+jg', 'SXU88HF2UF', 1, NULL),
(167, 22102986, 'Sarah', 'Rasmussen', 'feugiat.tellus.lorem@icloud.com', '$argon2id$v=19$m=16,t=2,p=1$bmtsc2thYTEydg$nZyzDsRW+HAiuyuMGNV+jg', 'NTQ52SH7MP', 1, NULL),
(168, 22102999, 'Jada', 'Stark', 'ut.odio@protonmail.couk', '$argon2id$v=19$m=16,t=2,p=1$bmtsc2thYTEydg$nZyzDsRW+HAiuyuMGNV+jg', 'HIT19LM1YI', 1, NULL),
(169, 22103012, 'Kylie', 'Fitzgerald', 'ante@hotmail.ca', '$argon2id$v=19$m=16,t=2,p=1$bmtsc2thYTEydg$nZyzDsRW+HAiuyuMGNV+jg', 'BGE06FD7AG', 1, NULL),
(170, 22103025, 'Harrison', 'Mendoza', 'hendrerit.neque@yahoo.couk', '$argon2id$v=19$m=16,t=2,p=1$bmtsc2thYTEydg$nZyzDsRW+HAiuyuMGNV+jg', 'XIP65XQ1DT', 1, NULL),
(171, 22103038, 'Joseph', 'Curtis', 'fringilla.ornare.placerat@protonmail.ca', '$argon2id$v=19$m=16,t=2,p=1$bmtsc2thYTEydg$nZyzDsRW+HAiuyuMGNV+jg', 'IBZ64NR0HQ', 1, NULL),
(172, 22103051, 'Jaden', 'Goff', 'sed.orci.lobortis@icloud.edu', '$argon2id$v=19$m=16,t=2,p=1$bmtsc2thYTEydg$nZyzDsRW+HAiuyuMGNV+jg', 'JID28PS8KF', 1, NULL),
(173, 22103064, 'Mason', 'Atkinson', 'semper@icloud.couk', '$argon2id$v=19$m=16,t=2,p=1$bmtsc2thYTEydg$nZyzDsRW+HAiuyuMGNV+jg', 'KUZ26QP6RS', 1, NULL),
(174, 22103077, 'Elaine', 'Lowe', 'dignissim.tempor@aol.org', '$argon2id$v=19$m=16,t=2,p=1$bmtsc2thYTEydg$nZyzDsRW+HAiuyuMGNV+jg', 'QOU54IU5JF', 1, NULL),
(175, 22103090, 'Arden', 'Berry', 'quis.pede.suspendisse@icloud.couk', '$argon2id$v=19$m=16,t=2,p=1$bmtsc2thYTEydg$nZyzDsRW+HAiuyuMGNV+jg', 'HJK41MT2TE', 1, NULL),
(176, 22103103, 'Ryder', 'Curtis', 'eu.euismod.ac@outlook.ca', '$argon2id$v=19$m=16,t=2,p=1$bmtsc2thYTEydg$nZyzDsRW+HAiuyuMGNV+jg', 'RNW69MN0QK', 1, NULL),
(177, 22103116, 'Rinah', 'Berry', 'sem.consequat@outlook.edu', '$argon2id$v=19$m=16,t=2,p=1$bmtsc2thYTEydg$nZyzDsRW+HAiuyuMGNV+jg', 'JNL19XK4XJ', 1, NULL),
(178, 22103129, 'Seth', 'Owen', 'orci.adipiscing.non@aol.com', '$argon2id$v=19$m=16,t=2,p=1$bmtsc2thYTEydg$nZyzDsRW+HAiuyuMGNV+jg', 'VQX47NK4MF', 1, NULL),
(179, 22103142, 'Clinton', 'Miller', 'purus.ac.tellus@google.couk', '$argon2id$v=19$m=16,t=2,p=1$bmtsc2thYTEydg$nZyzDsRW+HAiuyuMGNV+jg', 'GFS25HE3QV', 1, NULL),
(180, 22103155, 'Quinn', 'Glover', 'sit.amet@aol.edu', '$argon2id$v=19$m=16,t=2,p=1$bmtsc2thYTEydg$nZyzDsRW+HAiuyuMGNV+jg', 'JNX88PE5DW', 1, NULL),
(181, 22103168, 'Tanisha', 'Quinn', 'rhoncus@yahoo.edu', '$argon2id$v=19$m=16,t=2,p=1$bmtsc2thYTEydg$nZyzDsRW+HAiuyuMGNV+jg', 'HJS75OQ2NJ', 1, NULL),
(182, 22103181, 'Imani', 'Reyes', 'ornare@yahoo.couk', '$argon2id$v=19$m=16,t=2,p=1$bmtsc2thYTEydg$nZyzDsRW+HAiuyuMGNV+jg', 'UQW45JX1TG', 1, NULL),
(183, 22103194, 'Levi', 'Burgess', 'sollicitudin@icloud.couk', '$argon2id$v=19$m=16,t=2,p=1$bmtsc2thYTEydg$nZyzDsRW+HAiuyuMGNV+jg', 'HHE35XH1YR', 1, NULL),
(184, 22103207, 'Brett', 'Horn', 'suspendisse@hotmail.couk', '$argon2id$v=19$m=16,t=2,p=1$bmtsc2thYTEydg$nZyzDsRW+HAiuyuMGNV+jg', 'VKF20EM7RO', 1, NULL),
(185, 22103220, 'Jaquelyn', 'Shelton', 'ornare.tortor.at@icloud.couk', '$argon2id$v=19$m=16,t=2,p=1$bmtsc2thYTEydg$nZyzDsRW+HAiuyuMGNV+jg', 'HKO59VK1NX', 1, NULL),
(186, 22103233, 'Nissim', 'Underwood', 'congue@yahoo.couk', '$argon2id$v=19$m=16,t=2,p=1$bmtsc2thYTEydg$nZyzDsRW+HAiuyuMGNV+jg', 'DKL44DV1YG', 1, NULL),
(187, 22103246, 'Ferdinand', 'Nicholson', 'pede.nec.ante@yahoo.ca', '$argon2id$v=19$m=16,t=2,p=1$bmtsc2thYTEydg$nZyzDsRW+HAiuyuMGNV+jg', 'PLE88KZ8ED', 1, NULL),
(188, 22103259, 'Frances', 'Sawyer', 'lacus.quisque@google.org', '$argon2id$v=19$m=16,t=2,p=1$bmtsc2thYTEydg$nZyzDsRW+HAiuyuMGNV+jg', 'LGG36TI8SQ', 1, NULL),
(189, 22103272, 'Gabriel', 'Maldonado', 'ullamcorper.nisl.arcu@hotmail.com', '$argon2id$v=19$m=16,t=2,p=1$bmtsc2thYTEydg$nZyzDsRW+HAiuyuMGNV+jg', 'UEH37IP7DU', 1, NULL),
(190, 22103285, 'Jada', 'Mays', 'nec.luctus.felis@outlook.com', '$argon2id$v=19$m=16,t=2,p=1$bmtsc2thYTEydg$nZyzDsRW+HAiuyuMGNV+jg', 'FOD64QX7JO', 1, NULL),
(191, 22103298, 'Kathleen', 'Hinton', 'litora.torquent@yahoo.net', '$argon2id$v=19$m=16,t=2,p=1$bmtsc2thYTEydg$nZyzDsRW+HAiuyuMGNV+jg', 'QHR31BQ7CW', 1, NULL),
(192, 22103311, 'Brent', 'Shaffer', 'fringilla.euismod@icloud.org', '$argon2id$v=19$m=16,t=2,p=1$bmtsc2thYTEydg$nZyzDsRW+HAiuyuMGNV+jg', 'OOM18CJ1FT', 1, NULL),
(193, 22103324, 'Eleanor', 'Bauer', 'nunc.risus.varius@yahoo.ca', '$argon2id$v=19$m=16,t=2,p=1$bmtsc2thYTEydg$nZyzDsRW+HAiuyuMGNV+jg', 'RQL44FI1KF', 1, NULL),
(194, 22103337, 'Merritt', 'Mcfarland', 'quis.arcu@icloud.com', '$argon2id$v=19$m=16,t=2,p=1$bmtsc2thYTEydg$nZyzDsRW+HAiuyuMGNV+jg', 'QJB45TR1JI', 1, NULL),
(195, 22103350, 'Meredith', 'Coffey', 'quam.curabitur.vel@hotmail.com', '$argon2id$v=19$m=16,t=2,p=1$bmtsc2thYTEydg$nZyzDsRW+HAiuyuMGNV+jg', 'RIJ91HK1XU', 1, NULL),
(196, 22103363, 'Nichole', 'Larsen', 'magna.et.ipsum@outlook.net', '$argon2id$v=19$m=16,t=2,p=1$bmtsc2thYTEydg$nZyzDsRW+HAiuyuMGNV+jg', 'IUD61SL1WV', 1, NULL),
(197, 22103376, 'Riley', 'Sullivan', 'sed.dictum.eleifend@outlook.ca', '$argon2id$v=19$m=16,t=2,p=1$bmtsc2thYTEydg$nZyzDsRW+HAiuyuMGNV+jg', 'GOO44GY5UX', 1, NULL),
(198, 22103389, 'Ivor', 'Pickett', 'nonummy.ultricies@yahoo.couk', '$argon2id$v=19$m=16,t=2,p=1$bmtsc2thYTEydg$nZyzDsRW+HAiuyuMGNV+jg', 'YEJ41OP8XL', 1, NULL),
(199, 22103402, 'Knox', 'Mclean', 'duis.ac.arcu@hotmail.edu', '$argon2id$v=19$m=16,t=2,p=1$bmtsc2thYTEydg$nZyzDsRW+HAiuyuMGNV+jg', 'QBA37LW1LO', 1, NULL),
(200, 22103415, 'Nyssa', 'Bass', 'fringilla.purus@aol.edu', '$argon2id$v=19$m=16,t=2,p=1$bmtsc2thYTEydg$nZyzDsRW+HAiuyuMGNV+jg', 'QRT89IJ7DW', 1, NULL),
(201, 22103428, 'Ella', 'Luna', 'aliquam.ornare@protonmail.org', '$argon2id$v=19$m=16,t=2,p=1$bmtsc2thYTEydg$nZyzDsRW+HAiuyuMGNV+jg', 'WDJ30OI4YY', 1, NULL),
(202, 22103441, 'Ramona', 'Miller', 'consequat.nec@aol.org', '$argon2id$v=19$m=16,t=2,p=1$bmtsc2thYTEydg$nZyzDsRW+HAiuyuMGNV+jg', 'KIQ40OR7PW', 1, NULL),
(203, 22103454, 'Ryder', 'Case', 'morbi.vehicula@outlook.couk', '$argon2id$v=19$m=16,t=2,p=1$bmtsc2thYTEydg$nZyzDsRW+HAiuyuMGNV+jg', 'DDU24GT5NL', 1, NULL),
(204, 22103467, 'Zachery', 'Booth', 'lectus.quis.massa@icloud.edu', '$argon2id$v=19$m=16,t=2,p=1$bmtsc2thYTEydg$nZyzDsRW+HAiuyuMGNV+jg', 'UTY73DJ7EP', 1, NULL),
(205, 22103480, 'Zeus', 'Wood', 'dui.lectus.rutrum@hotmail.net', '$argon2id$v=19$m=16,t=2,p=1$bmtsc2thYTEydg$nZyzDsRW+HAiuyuMGNV+jg', 'NCT84BO8UW', 1, NULL),
(206, 22103493, 'Aquila', 'Acosta', 'massa@protonmail.couk', '$argon2id$v=19$m=16,t=2,p=1$bmtsc2thYTEydg$nZyzDsRW+HAiuyuMGNV+jg', 'GFZ49RR6GQ', 1, NULL),
(207, 22103506, 'Kelly', 'Holloway', 'cursus.integer@icloud.net', '$argon2id$v=19$m=16,t=2,p=1$bmtsc2thYTEydg$nZyzDsRW+HAiuyuMGNV+jg', 'MKR55CL4GG', 1, NULL),
(208, 22103519, 'Renee', 'Pate', 'mauris@protonmail.edu', '$argon2id$v=19$m=16,t=2,p=1$bmtsc2thYTEydg$nZyzDsRW+HAiuyuMGNV+jg', 'XUK49GM5JG', 1, NULL),
(209, 22103532, 'Keegan', 'Haney', 'mi.duis.risus@icloud.net', '$argon2id$v=19$m=16,t=2,p=1$bmtsc2thYTEydg$nZyzDsRW+HAiuyuMGNV+jg', 'ULE82FN6TH', 1, NULL),
(210, 22103545, 'India', 'Jackson', 'erat@hotmail.couk', '$argon2id$v=19$m=16,t=2,p=1$bmtsc2thYTEydg$nZyzDsRW+HAiuyuMGNV+jg', 'XYW54YU3XK', 1, NULL),
(211, 22103558, 'Summer', 'Waters', 'ornare.libero.at@aol.org', '$argon2id$v=19$m=16,t=2,p=1$bmtsc2thYTEydg$nZyzDsRW+HAiuyuMGNV+jg', 'TRB13GU8QJ', 1, NULL),
(212, 22103571, 'Carter', 'Flynn', 'venenatis.vel@icloud.net', '$argon2id$v=19$m=16,t=2,p=1$bmtsc2thYTEydg$nZyzDsRW+HAiuyuMGNV+jg', 'BNU29YM3SL', 1, NULL),
(213, 22103584, 'Emerald', 'Neal', 'augue@google.ca', '$argon2id$v=19$m=16,t=2,p=1$bmtsc2thYTEydg$nZyzDsRW+HAiuyuMGNV+jg', 'VRN34RV8DC', 1, NULL),
(214, 22103597, 'Austin', 'Russo', 'euismod.in.dolor@outlook.org', '$argon2id$v=19$m=16,t=2,p=1$bmtsc2thYTEydg$nZyzDsRW+HAiuyuMGNV+jg', 'ODW12YQ5WY', 1, NULL),
(215, 22103610, 'Rinah', 'Lancaster', 'a@google.couk', '$argon2id$v=19$m=16,t=2,p=1$bmtsc2thYTEydg$nZyzDsRW+HAiuyuMGNV+jg', 'GJJ56BI1JG', 1, NULL),
(216, 22103623, 'Hayes', 'Wiggins', 'in.mi@hotmail.org', '$argon2id$v=19$m=16,t=2,p=1$bmtsc2thYTEydg$nZyzDsRW+HAiuyuMGNV+jg', 'MGE43HT5DF', 1, NULL),
(217, 22103636, 'Jasmine', 'Berg', 'mollis.lectus@hotmail.ca', '$argon2id$v=19$m=16,t=2,p=1$bmtsc2thYTEydg$nZyzDsRW+HAiuyuMGNV+jg', 'QHD18MD6VG', 1, NULL),
(218, 22103649, 'Timothy', 'Ramos', 'ante.ipsum@icloud.org', '$argon2id$v=19$m=16,t=2,p=1$bmtsc2thYTEydg$nZyzDsRW+HAiuyuMGNV+jg', 'YQD28FD3PE', 1, NULL),
(219, 404041, 'Hikmet', 'Lecturer', 'euismod.ac.fermentum@google.org', '$argon2id$v=19$m=16,t=2,p=1$bmtsc2thYTEydg$nZyzDsRW+HAiuyuMGNV+jg', NULL, 1, NULL),
(220, 22103675, 'Galvin', 'Carrillo', 'ut.tincidunt@icloud.edu', '$argon2id$v=19$m=16,t=2,p=1$bmtsc2thYTEydg$nZyzDsRW+HAiuyuMGNV+jg', 'LYI03UE3HX', 1, NULL),
(221, 22103688, 'Ezekiel', 'Ortega', 'neque.morbi@outlook.net', '$argon2id$v=19$m=16,t=2,p=1$bmtsc2thYTEydg$nZyzDsRW+HAiuyuMGNV+jg', 'NCJ76KI5HS', 1, NULL),
(222, 22103701, 'Orson', 'Cain', 'velit.dui@outlook.com', '$argon2id$v=19$m=16,t=2,p=1$bmtsc2thYTEydg$nZyzDsRW+HAiuyuMGNV+jg', 'TCN22SU5TW', 1, NULL),
(223, 22103714, 'Oscar', 'Cummings', 'sit.amet.luctus@google.net', '$argon2id$v=19$m=16,t=2,p=1$bmtsc2thYTEydg$nZyzDsRW+HAiuyuMGNV+jg', 'FLY34LO9VC', 1, NULL),
(224, 22103727, 'Neve', 'Figueroa', 'eu@hotmail.edu', '$argon2id$v=19$m=16,t=2,p=1$bmtsc2thYTEydg$nZyzDsRW+HAiuyuMGNV+jg', 'QXJ79EC1OZ', 1, NULL),
(225, 22103740, 'Willow', 'Bryan', 'et.nunc@protonmail.edu', '$argon2id$v=19$m=16,t=2,p=1$bmtsc2thYTEydg$nZyzDsRW+HAiuyuMGNV+jg', 'QDL96DW8UF', 1, NULL),
(226, 22103753, 'Malik', 'Hatfield', 'arcu.vestibulum.ut@protonmail.edu', '$argon2id$v=19$m=16,t=2,p=1$bmtsc2thYTEydg$nZyzDsRW+HAiuyuMGNV+jg', 'TTO72QP7LF', 1, NULL),
(227, 22103766, 'Aristotle', 'Mcleod', 'sapien.nunc.pulvinar@yahoo.com', '$argon2id$v=19$m=16,t=2,p=1$bmtsc2thYTEydg$nZyzDsRW+HAiuyuMGNV+jg', 'QZL43HY1JZ', 1, NULL),
(228, 22103779, 'Harlan', 'Vaughan', 'eleifend.nec.malesuada@google.org', '$argon2id$v=19$m=16,t=2,p=1$bmtsc2thYTEydg$nZyzDsRW+HAiuyuMGNV+jg', 'XOL14LG0YR', 1, NULL),
(229, 22103792, 'Nadine', 'Daniels', 'quisque@icloud.edu', '$argon2id$v=19$m=16,t=2,p=1$bmtsc2thYTEydg$nZyzDsRW+HAiuyuMGNV+jg', 'NJB81RW5MS', 1, NULL),
(230, 22103805, 'Garrett', 'Acosta', 'consequat.purus.maecenas@protonmail.ca', '$argon2id$v=19$m=16,t=2,p=1$bmtsc2thYTEydg$nZyzDsRW+HAiuyuMGNV+jg', 'OGL71ZT8NX', 1, NULL),
(231, 22103818, 'Kennedy', 'Howe', 'commodo.at.libero@hotmail.org', '$argon2id$v=19$m=16,t=2,p=1$bmtsc2thYTEydg$nZyzDsRW+HAiuyuMGNV+jg', 'FKL21JY6PS', 1, NULL),
(232, 22103831, 'Acton', 'Dunn', 'scelerisque.neque@protonmail.org', '$argon2id$v=19$m=16,t=2,p=1$bmtsc2thYTEydg$nZyzDsRW+HAiuyuMGNV+jg', 'WMC32IX8FE', 1, NULL),
(233, 22103844, 'Quentin', 'Hendricks', 'fusce.aliquam@protonmail.com', '$argon2id$v=19$m=16,t=2,p=1$bmtsc2thYTEydg$nZyzDsRW+HAiuyuMGNV+jg', 'MDN82QD8LN', 1, NULL),
(234, 22103857, 'Nero', 'Castillo', 'ac.turpis.egestas@protonmail.org', '$argon2id$v=19$m=16,t=2,p=1$bmtsc2thYTEydg$nZyzDsRW+HAiuyuMGNV+jg', 'URR60SL4UJ', 1, NULL),
(235, 22103870, 'Wallace', 'Parsons', 'vehicula.pellentesque@protonmail.com', '$argon2id$v=19$m=16,t=2,p=1$bmtsc2thYTEydg$nZyzDsRW+HAiuyuMGNV+jg', 'LUF62NY5MT', 1, NULL),
(236, 22103883, 'Igor', 'Patrick', 'morbi.tristique@google.org', '$argon2id$v=19$m=16,t=2,p=1$bmtsc2thYTEydg$nZyzDsRW+HAiuyuMGNV+jg', 'HNB31YT5UW', 1, NULL),
(237, 22103896, 'Wylie', 'Giles', 'dapibus.rutrum@outlook.edu', '$argon2id$v=19$m=16,t=2,p=1$bmtsc2thYTEydg$nZyzDsRW+HAiuyuMGNV+jg', 'DVM63CL3AY', 1, NULL),
(238, 22103909, 'Erasmus', 'Sawyer', 'proin.ultrices@protonmail.net', '$argon2id$v=19$m=16,t=2,p=1$bmtsc2thYTEydg$nZyzDsRW+HAiuyuMGNV+jg', 'XGU14KF9YF', 1, NULL),
(239, 22103922, 'Wylie', 'Robertson', 'aliquam@aol.org', '$argon2id$v=19$m=16,t=2,p=1$bmtsc2thYTEydg$nZyzDsRW+HAiuyuMGNV+jg', 'BBF57BV6MC', 1, NULL),
(240, 22103935, 'Brenden', 'Wells', 'ut@icloud.couk', '$argon2id$v=19$m=16,t=2,p=1$bmtsc2thYTEydg$nZyzDsRW+HAiuyuMGNV+jg', 'MQP16BU5WQ', 1, NULL),
(241, 22103948, 'Thor', 'Fuller', 'eget.ipsum@protonmail.org', '$argon2id$v=19$m=16,t=2,p=1$bmtsc2thYTEydg$nZyzDsRW+HAiuyuMGNV+jg', 'BLU58SQ5TT', 1, NULL),
(242, 22103961, 'John', 'Mays', 'luctus@hotmail.ca', '$argon2id$v=19$m=16,t=2,p=1$bmtsc2thYTEydg$nZyzDsRW+HAiuyuMGNV+jg', 'CDA17CD8KF', 1, NULL),
(243, 22103974, 'Nissim', 'Dorsey', 'sociosqu.ad@outlook.org', '$argon2id$v=19$m=16,t=2,p=1$bmtsc2thYTEydg$nZyzDsRW+HAiuyuMGNV+jg', 'JVU72HZ6NV', 1, NULL),
(244, 22103987, 'Honorato', 'Lowery', 'risus@google.com', '$argon2id$v=19$m=16,t=2,p=1$bmtsc2thYTEydg$nZyzDsRW+HAiuyuMGNV+jg', 'QCD80DM7KN', 1, NULL),
(245, 22104000, 'Armand', 'Herring', 'neque.venenatis@google.net', '$argon2id$v=19$m=16,t=2,p=1$bmtsc2thYTEydg$nZyzDsRW+HAiuyuMGNV+jg', 'MND82EM5IO', 1, NULL),
(246, 22104013, 'Salvador', 'Moon', 'augue@google.net', '$argon2id$v=19$m=16,t=2,p=1$bmtsc2thYTEydg$nZyzDsRW+HAiuyuMGNV+jg', 'TTR54OQ7MW', 1, NULL),
(247, 22104026, 'Darrel', 'Casey', 'at.egestas.a@aol.net', '$argon2id$v=19$m=16,t=2,p=1$bmtsc2thYTEydg$nZyzDsRW+HAiuyuMGNV+jg', 'QKW30YS4LU', 1, NULL),
(248, 22104039, 'Ross', 'Deleon', 'a.enim@protonmail.couk', '$argon2id$v=19$m=16,t=2,p=1$bmtsc2thYTEydg$nZyzDsRW+HAiuyuMGNV+jg', 'TNY23MT7DU', 1, NULL),
(249, 22104052, 'Karly', 'Schultz', 'interdum.nunc@google.ca', '$argon2id$v=19$m=16,t=2,p=1$bmtsc2thYTEydg$nZyzDsRW+HAiuyuMGNV+jg', 'TDB21LJ3BU', 1, NULL),
(250, 22104065, 'Anthony', 'Bryant', 'feugiat.placerat.velit@google.net', '$argon2id$v=19$m=16,t=2,p=1$bmtsc2thYTEydg$nZyzDsRW+HAiuyuMGNV+jg', 'OQX42MG0QW', 1, NULL),
(251, 22104078, 'Preston', 'Diaz', 'vel.turpis@google.net', '$argon2id$v=19$m=16,t=2,p=1$bmtsc2thYTEydg$nZyzDsRW+HAiuyuMGNV+jg', 'JXI18YE5GY', 1, NULL),
(252, 22104091, 'Elizabeth', 'Evans', 'etiam@outlook.couk', '$argon2id$v=19$m=16,t=2,p=1$bmtsc2thYTEydg$nZyzDsRW+HAiuyuMGNV+jg', 'RGK32LO1ES', 1, NULL),
(253, 22104104, 'Mechelle', 'Bridges', 'nec.leo.morbi@protonmail.edu', '$argon2id$v=19$m=16,t=2,p=1$bmtsc2thYTEydg$nZyzDsRW+HAiuyuMGNV+jg', 'JPT91LQ5NS', 1, NULL),
(254, 22104117, 'Henry', 'Paul', 'nullam@icloud.net', '$argon2id$v=19$m=16,t=2,p=1$bmtsc2thYTEydg$nZyzDsRW+HAiuyuMGNV+jg', 'QXV11BN5HH', 1, NULL),
(255, 22104130, 'Uta', 'Vaughan', 'libero.at@yahoo.net', '$argon2id$v=19$m=16,t=2,p=1$bmtsc2thYTEydg$nZyzDsRW+HAiuyuMGNV+jg', 'KBV30WU6CZ', 1, NULL),
(256, 22104143, 'Clio', 'Potter', 'in@yahoo.couk', '$argon2id$v=19$m=16,t=2,p=1$bmtsc2thYTEydg$nZyzDsRW+HAiuyuMGNV+jg', 'SOR38KP3BJ', 1, NULL),
(257, 22104156, 'Katell', 'Velasquez', 'eget.magna@outlook.couk', '$argon2id$v=19$m=16,t=2,p=1$bmtsc2thYTEydg$nZyzDsRW+HAiuyuMGNV+jg', 'OUF91QJ1QU', 1, NULL),
(258, 22104169, 'Autumn', 'Davidson', 'dolor@aol.edu', '$argon2id$v=19$m=16,t=2,p=1$bmtsc2thYTEydg$nZyzDsRW+HAiuyuMGNV+jg', 'REI25KT5BZ', 1, NULL),
(259, 22104182, 'Judah', 'Craig', 'cras.eget@protonmail.ca', '$argon2id$v=19$m=16,t=2,p=1$bmtsc2thYTEydg$nZyzDsRW+HAiuyuMGNV+jg', 'HMT91GB7GY', 1, NULL),
(260, 22104195, 'Kellie', 'Keller', 'pede.ultrices@aol.ca', '$argon2id$v=19$m=16,t=2,p=1$bmtsc2thYTEydg$nZyzDsRW+HAiuyuMGNV+jg', 'XUR56PC8BG', 1, NULL),
(261, 22104208, 'Alyssa', 'Davenport', 'tristique@aol.org', '$argon2id$v=19$m=16,t=2,p=1$bmtsc2thYTEydg$nZyzDsRW+HAiuyuMGNV+jg', 'CBR29LE6DZ', 1, NULL),
(262, 22104221, 'Ava', 'Fitzpatrick', 'ornare@aol.edu', '$argon2id$v=19$m=16,t=2,p=1$bmtsc2thYTEydg$nZyzDsRW+HAiuyuMGNV+jg', 'DVY58VY0BS', 1, NULL),
(263, 22104234, 'Claire', 'Cardenas', 'ridiculus.mus@outlook.net', '$argon2id$v=19$m=16,t=2,p=1$bmtsc2thYTEydg$nZyzDsRW+HAiuyuMGNV+jg', 'QMA46JP5CX', 1, NULL),
(264, 22104247, 'Nissim', 'Noble', 'massa.rutrum@google.couk', '$argon2id$v=19$m=16,t=2,p=1$bmtsc2thYTEydg$nZyzDsRW+HAiuyuMGNV+jg', 'ZAG72YC2MV', 1, NULL),
(265, 22104260, 'Mechelle', 'Strong', 'nec.tempus.scelerisque@protonmail.com', '$argon2id$v=19$m=16,t=2,p=1$bmtsc2thYTEydg$nZyzDsRW+HAiuyuMGNV+jg', 'VIC72YR7JN', 1, NULL),
(266, 22104273, 'Venus', 'Hodges', 'rutrum.eu@aol.com', '$argon2id$v=19$m=16,t=2,p=1$bmtsc2thYTEydg$nZyzDsRW+HAiuyuMGNV+jg', 'CEL72LR4LE', 1, NULL),
(267, 22104286, 'Chloe', 'Bond', 'aenean@icloud.com', '$argon2id$v=19$m=16,t=2,p=1$bmtsc2thYTEydg$nZyzDsRW+HAiuyuMGNV+jg', 'DWY52FV9KE', 1, NULL),
(268, 22104299, 'Hyacinth', 'Collins', 'non.arcu@aol.org', '$argon2id$v=19$m=16,t=2,p=1$bmtsc2thYTEydg$nZyzDsRW+HAiuyuMGNV+jg', 'DAC57HW3KG', 1, NULL),
(269, 22104312, 'Cade', 'Hooper', 'erat.nonummy@yahoo.net', '$argon2id$v=19$m=16,t=2,p=1$bmtsc2thYTEydg$nZyzDsRW+HAiuyuMGNV+jg', 'IIK62EX9SK', 1, NULL),
(270, 22104325, 'Clio', 'Freeman', 'dolor.sit@outlook.ca', '$argon2id$v=19$m=16,t=2,p=1$bmtsc2thYTEydg$nZyzDsRW+HAiuyuMGNV+jg', 'PSV17CA4JX', 1, NULL),
(271, 22104338, 'Leonard', 'Mooney', 'in.condimentum@google.com', '$argon2id$v=19$m=16,t=2,p=1$bmtsc2thYTEydg$nZyzDsRW+HAiuyuMGNV+jg', 'PXN44OZ0PY', 1, NULL),
(272, 22104351, 'Constance', 'Cote', 'dui.nec@hotmail.edu', '$argon2id$v=19$m=16,t=2,p=1$bmtsc2thYTEydg$nZyzDsRW+HAiuyuMGNV+jg', 'SIM04SO2FA', 1, NULL),
(273, 22104364, 'Omar', 'Cunningham', 'nam@protonmail.net', '$argon2id$v=19$m=16,t=2,p=1$bmtsc2thYTEydg$nZyzDsRW+HAiuyuMGNV+jg', 'TWW95RB8QC', 1, NULL),
(274, 22104377, 'Christopher', 'Bradley', 'consectetuer.adipiscing@hotmail.net', '$argon2id$v=19$m=16,t=2,p=1$bmtsc2thYTEydg$nZyzDsRW+HAiuyuMGNV+jg', 'PTO75UW1FY', 1, NULL),
(275, 22104390, 'Leilani', 'Bird', 'curae.donec.tincidunt@outlook.edu', '$argon2id$v=19$m=16,t=2,p=1$bmtsc2thYTEydg$nZyzDsRW+HAiuyuMGNV+jg', 'OIB72TL6YP', 1, NULL),
(276, 22104403, 'Roth', 'Valentine', 'nam.porttitor@icloud.couk', '$argon2id$v=19$m=16,t=2,p=1$bmtsc2thYTEydg$nZyzDsRW+HAiuyuMGNV+jg', 'UVY74VH2RN', 1, NULL),
(277, 22104416, 'Georgia', 'Ellison', 'enim.sit@google.net', '$argon2id$v=19$m=16,t=2,p=1$bmtsc2thYTEydg$nZyzDsRW+HAiuyuMGNV+jg', 'QRQ51WE1OE', 1, NULL),
(278, 22104429, 'Savannah', 'Levine', 'ut.eros@icloud.couk', '$argon2id$v=19$m=16,t=2,p=1$bmtsc2thYTEydg$nZyzDsRW+HAiuyuMGNV+jg', 'UFH35PA1JF', 1, NULL),
(279, 22104442, 'Derek', 'Howe', 'euismod.enim@outlook.ca', '$argon2id$v=19$m=16,t=2,p=1$bmtsc2thYTEydg$nZyzDsRW+HAiuyuMGNV+jg', 'GQN85DE1ZH', 1, NULL),
(280, 22104455, 'Colette', 'Herring', 'et@yahoo.edu', '$argon2id$v=19$m=16,t=2,p=1$bmtsc2thYTEydg$nZyzDsRW+HAiuyuMGNV+jg', 'CML00XO4FD', 1, NULL),
(281, 22104468, 'Amelia', 'Cleveland', 'natoque.penatibus@outlook.org', '$argon2id$v=19$m=16,t=2,p=1$bmtsc2thYTEydg$nZyzDsRW+HAiuyuMGNV+jg', 'JNR59PE2FB', 1, NULL),
(282, 22104481, 'Jael', 'Gilbert', 'nibh.lacinia@protonmail.com', '$argon2id$v=19$m=16,t=2,p=1$bmtsc2thYTEydg$nZyzDsRW+HAiuyuMGNV+jg', 'LTX02WG7FG', 1, NULL),
(283, 22104494, 'Ocean', 'Chavez', 'eros.non@outlook.edu', '$argon2id$v=19$m=16,t=2,p=1$bmtsc2thYTEydg$nZyzDsRW+HAiuyuMGNV+jg', 'MOW51HY6LF', 1, NULL),
(284, 22104507, 'Ralph', 'Grant', 'dis.parturient.montes@hotmail.couk', '$argon2id$v=19$m=16,t=2,p=1$bmtsc2thYTEydg$nZyzDsRW+HAiuyuMGNV+jg', 'UXB63PH5BC', 1, NULL),
(285, 22104520, 'Sara', 'James', 'lacus.cras.interdum@icloud.edu', '$argon2id$v=19$m=16,t=2,p=1$bmtsc2thYTEydg$nZyzDsRW+HAiuyuMGNV+jg', 'BTD78VE1AT', 1, NULL),
(286, 22104533, 'Susan', 'Dalton', 'dictum.eleifend@outlook.net', '$argon2id$v=19$m=16,t=2,p=1$bmtsc2thYTEydg$nZyzDsRW+HAiuyuMGNV+jg', 'DNH75TB7XG', 1, NULL),
(287, 22104546, 'Remedios', 'Holmes', 'libero.lacus.varius@icloud.edu', '$argon2id$v=19$m=16,t=2,p=1$bmtsc2thYTEydg$nZyzDsRW+HAiuyuMGNV+jg', 'TSZ78OU5QU', 1, NULL),
(288, 22104559, 'Chanda', 'Moody', 'blandit.congue.in@yahoo.org', '$argon2id$v=19$m=16,t=2,p=1$bmtsc2thYTEydg$nZyzDsRW+HAiuyuMGNV+jg', 'DBK39IE4BC', 1, NULL),
(289, 22104572, 'Shana', 'Carlson', 'a.sollicitudin.orci@google.edu', '$argon2id$v=19$m=16,t=2,p=1$bmtsc2thYTEydg$nZyzDsRW+HAiuyuMGNV+jg', 'PJQ05ND7VA', 1, NULL),
(290, 22104585, 'Kieran', 'Alexander', 'libero.proin@google.org', '$argon2id$v=19$m=16,t=2,p=1$bmtsc2thYTEydg$nZyzDsRW+HAiuyuMGNV+jg', 'JLT30DY4YN', 1, NULL),
(291, 22104598, 'Maryam', 'Sellers', 'nec.leo@yahoo.net', '$argon2id$v=19$m=16,t=2,p=1$bmtsc2thYTEydg$nZyzDsRW+HAiuyuMGNV+jg', 'VAS34RL3EI', 1, NULL),
(292, 22104611, 'Kamal', 'Baxter', 'feugiat.lorem@icloud.com', '$argon2id$v=19$m=16,t=2,p=1$bmtsc2thYTEydg$nZyzDsRW+HAiuyuMGNV+jg', 'XBE45IX7GO', 1, NULL),
(293, 22104624, 'Allegra', 'Kent', 'ut.tincidunt@google.net', '$argon2id$v=19$m=16,t=2,p=1$bmtsc2thYTEydg$nZyzDsRW+HAiuyuMGNV+jg', 'OJI21KS2UA', 1, NULL),
(294, 22104637, 'Olivia', 'Waters', 'nec@icloud.edu', '$argon2id$v=19$m=16,t=2,p=1$bmtsc2thYTEydg$nZyzDsRW+HAiuyuMGNV+jg', 'VQN56WV3DT', 1, NULL),
(295, 22104650, 'Jaden', 'Dillon', 'arcu.vel@protonmail.org', '$argon2id$v=19$m=16,t=2,p=1$bmtsc2thYTEydg$nZyzDsRW+HAiuyuMGNV+jg', 'QGQ57CC0CB', 1, NULL),
(296, 22104663, 'Ursula', 'Bernard', 'cras.pellentesque.sed@icloud.net', '$argon2id$v=19$m=16,t=2,p=1$bmtsc2thYTEydg$nZyzDsRW+HAiuyuMGNV+jg', 'MTP87AQ7XH', 1, NULL),
(297, 22104676, 'Finn', 'Oneil', 'phasellus.dolor@protonmail.org', '$argon2id$v=19$m=16,t=2,p=1$bmtsc2thYTEydg$nZyzDsRW+HAiuyuMGNV+jg', 'YPM82LK8CU', 1, NULL),
(298, 22104702, 'Halla', 'Christensen', 'ipsum@google.couk', '$argon2id$v=19$m=16,t=2,p=1$bmtsc2thYTEydg$nZyzDsRW+HAiuyuMGNV+jg', 'DQV35FG8IO', 1, NULL),
(299, 22104715, 'Iola', 'Bishop', 'diam.eu@google.com', '$argon2id$v=19$m=16,t=2,p=1$bmtsc2thYTEydg$nZyzDsRW+HAiuyuMGNV+jg', 'YMP18SI6TM', 1, NULL),
(300, 22104728, 'Vivien', 'Jacobson', 'varius.nam@aol.net', '$argon2id$v=19$m=16,t=2,p=1$bmtsc2thYTEydg$nZyzDsRW+HAiuyuMGNV+jg', 'VSX15TF7EH', 1, NULL),
(301, 22104741, 'Jasmine', 'Foster', 'non.enim@hotmail.edu', '$argon2id$v=19$m=16,t=2,p=1$bmtsc2thYTEydg$nZyzDsRW+HAiuyuMGNV+jg', 'XPA32WP0LR', 1, NULL),
(302, 22104754, 'Reuben', 'Reese', 'diam.nunc@yahoo.com', '$argon2id$v=19$m=16,t=2,p=1$bmtsc2thYTEydg$nZyzDsRW+HAiuyuMGNV+jg', 'IPV89DS8TX', 1, NULL),
(303, 22104767, 'Sasha', 'Travis', 'amet@outlook.com', '$argon2id$v=19$m=16,t=2,p=1$bmtsc2thYTEydg$nZyzDsRW+HAiuyuMGNV+jg', 'TLR77KB0UD', 1, NULL),
(304, 22104780, 'Darryl', 'Carney', 'eu.placerat.eget@icloud.com', '$argon2id$v=19$m=16,t=2,p=1$bmtsc2thYTEydg$nZyzDsRW+HAiuyuMGNV+jg', 'MIA83EM5VD', 1, NULL),
(306, 22104793, 'Ella', 'Zamora', 'luctus@aol.edu', '$argon2id$v=19$m=16,t=2,p=1$bmtsc2thYTEydg$nZyzDsRW+HAiuyuMGNV+jg', 'HLH31NB7IQ', 1, NULL),
(307, 22104806, 'Jayme', 'Sawyer', 'dolor.tempus.non@icloud.edu', '$argon2id$v=19$m=16,t=2,p=1$bmtsc2thYTEydg$nZyzDsRW+HAiuyuMGNV+jg', 'WIA08OP7XG', 1, NULL),
(308, 22104819, 'Uma', 'Owen', 'quam.dignissim@aol.ca', '$argon2id$v=19$m=16,t=2,p=1$bmtsc2thYTEydg$nZyzDsRW+HAiuyuMGNV+jg', 'XWK53FJ1YI', 1, NULL),
(309, 22104832, 'Hayden', 'Poole', 'egestas@icloud.net', '$argon2id$v=19$m=16,t=2,p=1$bmtsc2thYTEydg$nZyzDsRW+HAiuyuMGNV+jg', 'SEP80QH4NP', 1, NULL),
(310, 22104845, 'Ann', 'Allen', 'molestie@google.com', '$argon2id$v=19$m=16,t=2,p=1$bmtsc2thYTEydg$nZyzDsRW+HAiuyuMGNV+jg', 'OMQ31PH7LB', 1, NULL),
(311, 22104858, 'Brenna', 'Mathis', 'ut.lacus@yahoo.couk', '$argon2id$v=19$m=16,t=2,p=1$bmtsc2thYTEydg$nZyzDsRW+HAiuyuMGNV+jg', 'IIX86ZT6VG', 1, NULL),
(312, 22104871, 'Tana', 'Fitzpatrick', 'ac.turpis@aol.couk', '$argon2id$v=19$m=16,t=2,p=1$bmtsc2thYTEydg$nZyzDsRW+HAiuyuMGNV+jg', 'UTG32LP1FI', 1, NULL),
(313, 22104884, 'Ahmed', 'Moore', 'vulputate.velit.eu@protonmail.edu', '$argon2id$v=19$m=16,t=2,p=1$bmtsc2thYTEydg$nZyzDsRW+HAiuyuMGNV+jg', 'GPI30NL4QD', 1, NULL),
(314, 22104897, 'Oprah', 'Cervantes', 'tempor@protonmail.ca', '$argon2id$v=19$m=16,t=2,p=1$bmtsc2thYTEydg$nZyzDsRW+HAiuyuMGNV+jg', 'WWS31BM0TY', 1, NULL),
(315, 22104910, 'Colette', 'Ballard', 'cursus@google.edu', '$argon2id$v=19$m=16,t=2,p=1$bmtsc2thYTEydg$nZyzDsRW+HAiuyuMGNV+jg', 'KUN38AO1QU', 1, NULL),
(558, 21803473, 'Mustafa Utku', 'Aydoğdu', 'utku@bilkent.edu.tr', '$argon2i$v=19$m=65536,t=4,p=1$ZnVQMFMyTjRXazJRRGpiNQ$7wpU6Yek7gmbznrj2qTTZJqT1ey1xCv4NWG12mEkbps', NULL, 1, NULL);

-- --------------------------------------------------------

--
-- Table structure for table `user_academic_staff`
--

DROP TABLE IF EXISTS `user_academic_staff`;
CREATE TABLE `user_academic_staff` (
  `id` int(11) NOT NULL,
  `registration_date` timestamp NOT NULL DEFAULT current_timestamp()
) ENGINE=InnoDB DEFAULT CHARSET=utf16 COLLATE=utf16_turkish_ci;

--
-- Dumping data for table `user_academic_staff`
--

INSERT INTO `user_academic_staff` (`id`, `registration_date`) VALUES
(1, '2021-12-09 17:13:40'),
(2, '2021-12-09 17:28:10'),
(5, '2021-12-09 17:28:10'),
(123, '2021-12-09 17:28:10'),
(404041, '2021-12-23 16:35:36'),
(22103623, '2021-12-23 16:35:36'),
(22103636, '2021-12-23 16:35:36'),
(22103649, '2021-12-23 16:35:36'),
(22103675, '2021-12-23 16:35:36'),
(22103688, '2021-12-23 16:35:36'),
(22103701, '2021-12-23 16:35:36'),
(22103714, '2021-12-23 16:35:36'),
(22103727, '2021-12-23 16:35:36'),
(22103740, '2021-12-23 16:35:36'),
(22103753, '2021-12-23 16:35:36'),
(22103766, '2021-12-23 16:35:36'),
(22103779, '2021-12-23 16:35:36'),
(22103792, '2021-12-23 16:35:36'),
(22103805, '2021-12-23 16:35:36'),
(22103818, '2021-12-23 16:35:36'),
(22103831, '2021-12-23 16:35:36'),
(22103844, '2021-12-23 16:35:36'),
(22103857, '2021-12-23 16:35:36'),
(22103870, '2021-12-23 16:35:36');

-- --------------------------------------------------------

--
-- Table structure for table `user_sports_center_staff`
--

DROP TABLE IF EXISTS `user_sports_center_staff`;
CREATE TABLE `user_sports_center_staff` (
  `id` int(11) NOT NULL
) ENGINE=InnoDB DEFAULT CHARSET=utf8mb4;

--
-- Dumping data for table `user_sports_center_staff`
--

INSERT INTO `user_sports_center_staff` (`id`) VALUES
(1),
(2),
(3),
(22103883),
(22103896),
(22103909),
(22103922),
(22103935),
(22103948),
(22103961),
(22103974),
(22103987),
(22104000),
(22104013),
(22104026),
(22104039),
(22104052),
(22104065),
(22104078),
(22104091),
(22104104),
(22104117),
(22104130);

-- --------------------------------------------------------

--
-- Table structure for table `user_student`
--

DROP TABLE IF EXISTS `user_student`;
CREATE TABLE `user_student` (
  `id` int(11) NOT NULL,
  `registration_date` timestamp NOT NULL DEFAULT current_timestamp()
) ENGINE=InnoDB DEFAULT CHARSET=utf16 COLLATE=utf16_turkish_ci;

--
-- Dumping data for table `user_student`
--

INSERT INTO `user_student` (`id`, `registration_date`) VALUES
(1, '2021-12-09 17:13:40'),
(2, '2021-12-09 17:28:10'),
(3, '2021-12-09 17:28:10'),
(5, '2021-12-09 17:28:10'),
(123, '2021-12-23 16:17:01'),
(404040, '2021-12-23 16:33:04'),
(414141, '2021-12-23 16:33:04'),
(424242, '2021-12-23 16:33:04'),
(434343, '2021-12-23 16:33:04'),
(21803473, '2021-12-26 17:02:15'),
(22101023, '2021-12-23 16:33:04'),
(22101036, '2021-12-23 16:33:04'),
(22101049, '2021-12-23 16:33:04'),
(22101062, '2021-12-23 16:33:04'),
(22101075, '2021-12-23 16:33:04'),
(22101088, '2021-12-23 16:33:04'),
(22101101, '2021-12-23 16:33:04'),
(22101114, '2021-12-23 16:33:04'),
(22101127, '2021-12-23 16:33:04'),
(22101140, '2021-12-23 16:33:04'),
(22101153, '2021-12-23 16:33:04'),
(22101166, '2021-12-23 16:33:04'),
(22101179, '2021-12-23 16:33:04'),
(22101192, '2021-12-23 16:33:04'),
(22101205, '2021-12-23 16:33:04'),
(22101218, '2021-12-23 16:33:04'),
(22101231, '2021-12-23 16:33:04'),
(22101244, '2021-12-23 16:33:04'),
(22101257, '2021-12-23 16:33:04'),
(22101270, '2021-12-23 16:33:04'),
(22101283, '2021-12-23 16:33:04'),
(22101296, '2021-12-23 16:33:04'),
(22101309, '2021-12-23 16:33:04'),
(22101322, '2021-12-23 16:33:04'),
(22101387, '2021-12-23 16:33:04'),
(22101400, '2021-12-23 16:33:04'),
(22101413, '2021-12-23 16:33:04'),
(22101426, '2021-12-23 16:33:04'),
(22101439, '2021-12-23 16:33:04'),
(22101452, '2021-12-23 16:33:04'),
(22101465, '2021-12-23 16:33:04'),
(22101478, '2021-12-23 16:33:04'),
(22101491, '2021-12-23 16:33:04'),
(22101504, '2021-12-23 16:33:04'),
(22101517, '2021-12-23 16:33:04'),
(22101530, '2021-12-23 16:33:04'),
(22101543, '2021-12-23 16:33:04'),
(22101556, '2021-12-23 16:33:04'),
(22101569, '2021-12-23 16:33:04'),
(22101582, '2021-12-23 16:33:04'),
(22101595, '2021-12-23 16:33:04'),
(22101608, '2021-12-23 16:33:04'),
(22101621, '2021-12-23 16:33:04'),
(22101634, '2021-12-23 16:33:04'),
(22101647, '2021-12-23 16:33:04'),
(22101660, '2021-12-23 16:33:04'),
(22101673, '2021-12-23 16:33:04'),
(22101686, '2021-12-23 16:33:04'),
(22101699, '2021-12-23 16:33:04'),
(22101712, '2021-12-23 16:33:04'),
(22101725, '2021-12-23 16:33:04'),
(22101738, '2021-12-23 16:33:04'),
(22101751, '2021-12-23 16:33:04'),
(22101764, '2021-12-23 16:33:04'),
(22101777, '2021-12-23 16:33:04'),
(22101790, '2021-12-23 16:33:04'),
(22101803, '2021-12-23 16:33:04'),
(22101816, '2021-12-23 16:33:04'),
(22101829, '2021-12-23 16:33:04'),
(22101842, '2021-12-23 16:33:04'),
(22101855, '2021-12-23 16:33:04'),
(22101868, '2021-12-23 16:33:04'),
(22101881, '2021-12-23 16:33:04'),
(22101894, '2021-12-23 16:33:04'),
(22101907, '2021-12-23 16:33:04'),
(22101920, '2021-12-23 16:33:04'),
(22101933, '2021-12-23 16:33:04'),
(22101946, '2021-12-23 16:33:04'),
(22101959, '2021-12-23 16:33:04'),
(22101972, '2021-12-23 16:33:04'),
(22101985, '2021-12-23 16:33:04'),
(22101998, '2021-12-23 16:33:04'),
(22102011, '2021-12-23 16:33:04'),
(22102024, '2021-12-23 16:33:04'),
(22102037, '2021-12-23 16:33:04'),
(22102050, '2021-12-23 16:33:04'),
(22102063, '2021-12-23 16:33:04'),
(22102076, '2021-12-23 16:33:04'),
(22102089, '2021-12-23 16:33:04'),
(22102102, '2021-12-23 16:33:04'),
(22102115, '2021-12-23 16:33:04'),
(22102128, '2021-12-23 16:33:04'),
(22102141, '2021-12-23 16:33:04'),
(22102154, '2021-12-23 16:33:04'),
(22102167, '2021-12-23 16:33:04'),
(22102180, '2021-12-23 16:33:04'),
(22102193, '2021-12-23 16:33:04'),
(22102206, '2021-12-23 16:33:04'),
(22102219, '2021-12-23 16:33:04'),
(22102232, '2021-12-23 16:33:04'),
(22102245, '2021-12-23 16:33:04'),
(22102258, '2021-12-23 16:33:04'),
(22102271, '2021-12-23 16:33:04'),
(22102284, '2021-12-23 16:33:04'),
(22102297, '2021-12-23 16:33:04'),
(22102310, '2021-12-23 16:33:04'),
(22102323, '2021-12-23 16:33:04'),
(22102336, '2021-12-23 16:33:04'),
(22102349, '2021-12-23 16:33:04'),
(22102362, '2021-12-23 16:33:04'),
(22102375, '2021-12-23 16:33:04'),
(22102388, '2021-12-23 16:33:04'),
(22102401, '2021-12-23 16:33:04'),
(22102414, '2021-12-23 16:33:04'),
(22102427, '2021-12-23 16:33:04'),
(22102440, '2021-12-23 16:33:04'),
(22102453, '2021-12-23 16:33:04'),
(22102466, '2021-12-23 16:33:04'),
(22102479, '2021-12-23 16:33:04'),
(22102492, '2021-12-23 16:33:04'),
(22102505, '2021-12-23 16:33:04'),
(22102518, '2021-12-23 16:33:04'),
(22102531, '2021-12-23 16:33:04'),
(22102544, '2021-12-23 16:33:04'),
(22102557, '2021-12-23 16:33:04'),
(22102570, '2021-12-23 16:33:04'),
(22102583, '2021-12-23 16:33:04'),
(22102596, '2021-12-23 16:33:04'),
(22102609, '2021-12-23 16:33:04'),
(22102622, '2021-12-23 16:33:04'),
(22102635, '2021-12-23 16:33:04'),
(22102648, '2021-12-23 16:33:04'),
(22102661, '2021-12-23 16:33:04'),
(22102674, '2021-12-23 16:33:04'),
(22102687, '2021-12-23 16:33:04'),
(22102700, '2021-12-23 16:33:04'),
(22102713, '2021-12-23 16:33:04'),
(22102726, '2021-12-23 16:33:04'),
(22102739, '2021-12-23 16:33:04'),
(22102752, '2021-12-23 16:33:04'),
(22102765, '2021-12-23 16:33:04'),
(22102778, '2021-12-23 16:33:04'),
(22102791, '2021-12-23 16:33:04'),
(22102804, '2021-12-23 16:33:04'),
(22102817, '2021-12-23 16:33:04'),
(22102830, '2021-12-23 16:33:04'),
(22102843, '2021-12-23 16:33:04'),
(22102856, '2021-12-23 16:33:04'),
(22102869, '2021-12-23 16:33:04'),
(22102882, '2021-12-23 16:33:04'),
(22102895, '2021-12-23 16:33:04'),
(22102908, '2021-12-23 16:33:04'),
(22102921, '2021-12-23 16:33:04'),
(22102934, '2021-12-23 16:33:04'),
(22102947, '2021-12-23 16:33:04'),
(22102960, '2021-12-23 16:33:04'),
(22102973, '2021-12-23 16:33:04'),
(22102986, '2021-12-23 16:33:04'),
(22102999, '2021-12-23 16:33:04'),
(22103012, '2021-12-23 16:33:04'),
(22103025, '2021-12-23 16:33:04'),
(22103038, '2021-12-23 16:33:04'),
(22103051, '2021-12-23 16:33:04'),
(22103064, '2021-12-23 16:33:04'),
(22103077, '2021-12-23 16:33:04'),
(22103090, '2021-12-23 16:33:04'),
(22103103, '2021-12-23 16:33:04'),
(22103116, '2021-12-23 16:33:04'),
(22103129, '2021-12-23 16:33:04'),
(22103142, '2021-12-23 16:33:04'),
(22103155, '2021-12-23 16:33:04'),
(22103168, '2021-12-23 16:33:04'),
(22103181, '2021-12-23 16:33:04'),
(22103194, '2021-12-23 16:33:04'),
(22103207, '2021-12-23 16:33:04'),
(22103220, '2021-12-23 16:33:04'),
(22103233, '2021-12-23 16:33:04'),
(22103246, '2021-12-23 16:33:04'),
(22103259, '2021-12-23 16:33:04'),
(22103272, '2021-12-23 16:33:04'),
(22103285, '2021-12-23 16:33:04'),
(22103298, '2021-12-23 16:33:04'),
(22103311, '2021-12-23 16:33:04'),
(22103324, '2021-12-23 16:33:04'),
(22103337, '2021-12-23 16:33:04'),
(22103350, '2021-12-23 16:33:04'),
(22103363, '2021-12-23 16:33:04'),
(22103376, '2021-12-23 16:33:04'),
(22103389, '2021-12-23 16:33:04'),
(22103402, '2021-12-23 16:33:04'),
(22103415, '2021-12-23 16:33:04'),
(22103428, '2021-12-23 16:33:04'),
(22103441, '2021-12-23 16:33:04'),
(22103454, '2021-12-23 16:33:04'),
(22103467, '2021-12-23 16:33:04'),
(22103480, '2021-12-23 16:33:04'),
(22103493, '2021-12-23 16:33:04'),
(22103506, '2021-12-23 16:33:04'),
(22103519, '2021-12-23 16:33:04'),
(22103532, '2021-12-23 16:33:04'),
(22103545, '2021-12-23 16:33:04'),
(22103558, '2021-12-23 16:33:04'),
(22103571, '2021-12-23 16:33:04'),
(22103584, '2021-12-23 16:33:04'),
(22103597, '2021-12-23 16:33:04'),
(22103610, '2021-12-23 16:33:04');

-- --------------------------------------------------------

--
-- Table structure for table `user_university_administration`
--

DROP TABLE IF EXISTS `user_university_administration`;
CREATE TABLE `user_university_administration` (
  `id` int(11) NOT NULL
) ENGINE=InnoDB DEFAULT CHARSET=utf8mb4;

--
-- Dumping data for table `user_university_administration`
--

INSERT INTO `user_university_administration` (`id`) VALUES
(1),
(2),
(123),
(22104117),
(22104130),
(22104143),
(22104156),
(22104169),
(22104182),
(22104195),
(22104208),
(22104221),
(22104234),
(22104247),
(22104260),
(22104273),
(22104286),
(22104299),
(22104312),
(22104325),
(22104338),
(22104351),
(22104364);

-- --------------------------------------------------------

--
-- Table structure for table `vaccine`
--

DROP TABLE IF EXISTS `vaccine`;
CREATE TABLE `vaccine` (
  `vaccine_id` int(11) NOT NULL,
  `vaccine_type` varchar(255) COLLATE utf8mb4_turkish_ci NOT NULL,
  `vaccine_name` varchar(255) COLLATE utf8mb4_turkish_ci NOT NULL,
  `manufacturer` varchar(255) COLLATE utf8mb4_turkish_ci NOT NULL,
  `cvx_code` int(11) NOT NULL
) ENGINE=InnoDB DEFAULT CHARSET=utf8mb4 COLLATE=utf8mb4_turkish_ci;

--
-- Dumping data for table `vaccine`
--

INSERT INTO `vaccine` (`vaccine_id`, `vaccine_type`, `vaccine_name`, `manufacturer`, `cvx_code`) VALUES
(1, 'mRNA', 'Pfizer-BioNTech COVID-19 Vaccine', 'Pfizer-BioNTech', 208),
(2, 'Inactivated Virus', 'Coronavac (Sinovac) COVID-19 Vaccine', 'Sinovac', 511),
(3, 'mRNA', 'Moderna COVID-19 Vaccine ', 'Moderna US, Inc.', 207);

-- --------------------------------------------------------

--
-- Table structure for table `vaccine_administration`
--

DROP TABLE IF EXISTS `vaccine_administration`;
CREATE TABLE `vaccine_administration` (
  `vaccination_id` int(11) NOT NULL,
  `vaccine_id` int(11) NOT NULL,
  `user_id` int(11) NOT NULL,
  `administration_date` datetime NOT NULL,
  `document` mediumblob DEFAULT NULL
) ENGINE=InnoDB DEFAULT CHARSET=utf8mb4 COLLATE=utf8mb4_turkish_ci;

--
-- Dumping data for table `vaccine_administration`
--

INSERT INTO `vaccine_administration` (`vaccination_id`, `vaccine_id`, `user_id`, `administration_date`, `document`) VALUES
(44, 2, 22101023, '2021-07-07 10:47:53', NULL),
(45, 2, 22101036, '2021-03-28 18:55:53', NULL),
(46, 3, 22101049, '2021-01-15 19:02:17', NULL),
(47, 2, 22101062, '2021-11-24 21:32:41', NULL),
(48, 2, 22101075, '2021-05-17 07:07:01', NULL),
(49, 2, 22101088, '2021-06-19 08:52:31', NULL),
(50, 3, 22101101, '2021-04-29 13:10:44', NULL),
(51, 3, 22101114, '2021-11-17 10:29:28', NULL),
(52, 1, 22101127, '2021-05-11 20:19:21', NULL),
(53, 3, 22101140, '2020-11-01 16:41:34', NULL),
(54, 3, 22101153, '2021-11-14 00:08:46', NULL),
(55, 3, 22101166, '2020-09-02 00:45:50', NULL),
(56, 3, 22101179, '2021-11-04 03:12:17', NULL),
(57, 3, 22101192, '2020-04-22 22:47:25', NULL),
(58, 3, 22101205, '2021-07-16 15:45:24', NULL),
(59, 1, 22101218, '2021-10-27 17:44:16', NULL),
(60, 3, 22101231, '2020-11-18 22:51:07', NULL),
(61, 2, 22101244, '2020-02-02 09:14:23', NULL),
(62, 3, 22101257, '2020-04-07 07:58:33', NULL),
(63, 2, 22101270, '2020-09-05 22:58:10', NULL),
(64, 3, 22101283, '2021-12-01 08:28:42', NULL),
(65, 3, 22101296, '2021-01-23 10:10:51', NULL),
(66, 2, 22101309, '2020-05-29 18:25:20', NULL),
(67, 1, 22101322, '2020-09-01 10:12:46', NULL),
(68, 2, 22101387, '2020-05-05 15:23:19', NULL),
(69, 2, 22101400, '2020-04-24 10:43:31', NULL),
(74, 2, 22101413, '2021-09-27 06:00:40', NULL),
(75, 1, 22101426, '2021-06-25 07:27:34', NULL),
(76, 3, 22101439, '2020-11-29 00:30:18', NULL),
(77, 2, 22101452, '2020-04-03 02:11:54', NULL),
(78, 1, 22101465, '2020-12-23 18:07:36', NULL),
(79, 3, 22101478, '2020-02-12 07:16:03', NULL),
(80, 2, 22101491, '2020-07-05 23:51:04', NULL),
(81, 3, 22101504, '2021-12-20 23:58:12', NULL),
(82, 3, 22101517, '2020-05-30 04:28:38', NULL),
(83, 2, 22101530, '2021-03-18 17:21:58', NULL),
(84, 1, 22101543, '2020-06-21 07:43:54', NULL),
(85, 3, 22101556, '2020-10-25 09:23:29', NULL),
(86, 2, 22101569, '2021-05-05 09:24:47', NULL),
(87, 2, 22101582, '2021-03-27 00:19:05', NULL),
(88, 2, 22101595, '2021-03-23 05:04:22', NULL),
(89, 3, 22101608, '2020-05-16 07:48:36', NULL),
(90, 3, 22101621, '2021-10-19 06:46:28', NULL),
(91, 1, 22101634, '2021-04-11 05:47:45', NULL),
(92, 1, 22101647, '2021-10-30 10:14:26', NULL),
(93, 1, 22101660, '2021-10-31 08:48:57', NULL),
(94, 3, 22101673, '2021-01-23 13:54:57', NULL),
(95, 3, 22101686, '2020-09-01 10:35:08', NULL),
(96, 3, 22101699, '2021-03-22 17:46:34', NULL),
(97, 2, 22101712, '2021-04-20 01:54:44', NULL),
(98, 2, 22101725, '2021-07-23 02:37:12', NULL),
(99, 2, 22101738, '2021-02-24 14:47:12', NULL),
(100, 2, 22101751, '2020-06-12 10:22:06', NULL),
(101, 1, 22101764, '2020-12-25 05:33:16', NULL),
(102, 3, 22101777, '2021-06-30 03:20:04', NULL),
(103, 2, 22101790, '2020-08-07 07:21:20', NULL),
(104, 1, 22101803, '2021-01-16 03:23:04', NULL),
(105, 1, 22101816, '2021-02-01 08:52:29', NULL),
(106, 2, 22101829, '2021-01-05 13:01:36', NULL),
(107, 2, 22101842, '2020-05-01 10:19:09', NULL),
(108, 3, 22101855, '2021-03-21 17:24:37', NULL),
(109, 1, 22101868, '2021-05-16 20:52:52', NULL),
(110, 1, 22101881, '2021-04-08 17:03:20', NULL),
(111, 2, 22101894, '2020-06-03 22:37:00', NULL),
(112, 3, 22101907, '2020-12-05 07:34:59', NULL),
(113, 1, 22101920, '2021-03-29 14:54:26', NULL),
(114, 2, 22101933, '2020-10-02 17:23:37', NULL),
(115, 2, 22101946, '2021-10-03 00:24:36', NULL),
(116, 3, 22101959, '2020-09-25 01:50:03', NULL),
(117, 1, 22101972, '2021-03-12 03:53:01', NULL),
(118, 2, 22101985, '2020-11-07 16:02:48', NULL),
(119, 1, 22101998, '2021-04-20 06:44:02', NULL),
(120, 1, 22102011, '2020-10-06 13:56:19', NULL),
(121, 1, 22102024, '2021-01-30 21:18:53', NULL),
(122, 2, 22102037, '2021-12-16 05:50:22', NULL),
(123, 3, 22102050, '2020-04-25 08:46:24', NULL),
(124, 2, 22102063, '2021-07-13 01:30:15', NULL),
(125, 3, 22102076, '2021-06-08 06:56:44', NULL),
(126, 3, 22102089, '2020-03-20 22:23:35', NULL),
(127, 2, 22102102, '2021-04-20 16:09:06', NULL),
(128, 1, 22102115, '2020-07-11 19:27:02', NULL),
(129, 2, 22102128, '2021-11-21 10:29:02', NULL),
(130, 1, 22102141, '2021-01-29 20:52:21', NULL),
(131, 3, 22102154, '2020-05-17 08:14:56', NULL),
(132, 3, 22102167, '2021-11-24 07:11:34', NULL),
(133, 2, 22102180, '2020-10-23 01:35:57', NULL),
(134, 2, 22102193, '2021-09-09 10:21:31', NULL),
(135, 2, 22102206, '2020-09-16 09:37:21', NULL),
(136, 2, 22102219, '2020-11-03 22:01:06', NULL),
(137, 3, 22102232, '2020-10-25 05:03:15', NULL),
(138, 3, 22102245, '2020-08-29 19:12:03', NULL),
(139, 1, 22102258, '2021-09-17 02:56:27', NULL),
(140, 1, 22102271, '2020-12-26 22:20:19', NULL),
(141, 1, 22102284, '2021-05-10 02:48:18', NULL),
(142, 3, 22102297, '2021-07-25 05:42:38', NULL),
(143, 2, 22102310, '2020-06-22 18:37:59', NULL),
(144, 3, 22102323, '2020-11-22 10:47:30', NULL),
(145, 2, 22102336, '2021-09-07 21:41:23', NULL),
(146, 2, 22102349, '2020-06-30 02:01:51', NULL),
(147, 1, 22102362, '2021-03-13 21:59:07', NULL),
(148, 2, 22102375, '2021-06-29 02:24:24', NULL),
(149, 2, 22102388, '2020-03-21 03:39:37', NULL),
(150, 3, 22102401, '2021-11-17 00:27:23', NULL),
(151, 2, 22102414, '2020-12-06 01:21:03', NULL),
(152, 1, 22102427, '2021-08-29 07:44:56', NULL),
(153, 1, 22102440, '2021-06-07 07:36:24', NULL),
(154, 1, 22102453, '2021-07-19 12:13:47', NULL),
(155, 2, 22102466, '2020-03-15 18:14:14', NULL),
(156, 3, 22102479, '2020-12-22 06:07:58', NULL),
(157, 2, 22102492, '2020-04-06 02:08:53', NULL),
(158, 3, 22102505, '2021-12-11 00:28:04', NULL),
(159, 2, 22102518, '2020-12-02 01:57:40', NULL),
(160, 1, 22102531, '2021-07-18 00:50:37', NULL),
(161, 1, 22102544, '2021-12-11 02:39:53', NULL),
(162, 2, 22102557, '2021-05-17 13:21:21', NULL),
(163, 2, 22102570, '2021-07-03 11:56:30', NULL),
(164, 1, 22102583, '2021-04-06 18:43:55', NULL),
(165, 1, 22102596, '2021-07-05 02:52:48', NULL),
(166, 2, 22102609, '2021-02-21 18:26:49', NULL),
(167, 2, 22102622, '2020-11-01 06:06:06', NULL),
(168, 2, 22102635, '2020-08-15 07:09:46', NULL),
(169, 2, 22102648, '2021-06-27 10:09:23', NULL),
(170, 3, 22102661, '2021-04-07 16:13:17', NULL),
(171, 3, 22102674, '2021-04-30 01:29:12', NULL),
(172, 1, 22102687, '2021-01-31 22:54:42', NULL),
(173, 2, 22102700, '2021-07-31 10:48:36', NULL),
(174, 1, 22102713, '2020-05-16 01:02:25', NULL),
(175, 3, 22102726, '2020-12-13 01:10:35', NULL),
(176, 1, 22102739, '2021-07-02 19:00:56', NULL),
(177, 2, 22102752, '2020-05-24 13:57:57', NULL),
(178, 2, 22102765, '2021-06-01 20:41:58', NULL),
(179, 2, 22102778, '2021-04-30 13:12:12', NULL),
(180, 3, 22102791, '2021-12-09 02:00:02', NULL),
(181, 1, 22102804, '2020-06-30 16:12:48', NULL),
(182, 3, 22102817, '2021-09-04 22:19:52', NULL),
(183, 2, 22102830, '2020-11-06 06:21:09', NULL),
(184, 2, 22102843, '2020-09-17 20:58:25', NULL),
(185, 2, 22102856, '2021-05-15 18:24:46', NULL),
(186, 3, 22102869, '2020-10-12 19:42:38', NULL),
(187, 2, 22102882, '2020-11-23 10:48:22', NULL),
(188, 2, 22102895, '2020-02-29 13:52:30', NULL),
(189, 3, 22102908, '2021-12-10 04:07:09', NULL),
(190, 2, 22102921, '2021-07-14 22:36:48', NULL),
(191, 2, 22102934, '2021-12-08 21:59:11', NULL),
(192, 2, 22102947, '2020-02-21 23:45:17', NULL),
(193, 1, 22102960, '2021-09-25 12:36:46', NULL),
(194, 1, 22102973, '2021-01-03 21:05:48', NULL),
(195, 2, 22102986, '2020-11-02 09:44:16', NULL),
(196, 3, 22102999, '2021-05-31 14:46:02', NULL),
(197, 3, 22103012, '2021-11-24 09:23:19', NULL),
(198, 3, 22103025, '2020-07-01 12:58:39', NULL),
(199, 2, 22103038, '2021-09-02 16:48:27', NULL),
(200, 3, 22103051, '2021-04-17 22:07:20', NULL),
(201, 3, 22103064, '2020-10-18 13:31:08', NULL),
(202, 1, 22103077, '2020-02-10 20:56:31', NULL),
(203, 3, 22103090, '2021-10-19 12:17:41', NULL),
(204, 3, 22103103, '2021-09-29 21:53:12', NULL),
(205, 3, 22103116, '2020-10-30 06:08:35', NULL),
(206, 2, 22103129, '2020-08-13 08:14:15', NULL),
(207, 1, 22103142, '2021-12-03 01:53:21', NULL),
(208, 2, 22103155, '2021-04-12 07:13:19', NULL),
(209, 2, 22103168, '2020-12-25 04:58:29', NULL),
(210, 1, 22103181, '2020-05-25 05:01:52', NULL),
(211, 1, 22103194, '2020-07-27 16:50:52', NULL),
(212, 1, 22103207, '2021-11-28 03:15:27', NULL),
(213, 1, 22103220, '2021-10-28 23:28:19', NULL),
(214, 1, 22103233, '2021-06-21 03:47:21', NULL),
(215, 1, 22103246, '2021-02-05 12:10:28', NULL),
(216, 2, 22103259, '2021-07-11 02:01:49', NULL),
(217, 2, 22103272, '2020-07-06 12:15:18', NULL),
(218, 1, 22103285, '2020-07-20 19:50:46', NULL),
(219, 2, 22103298, '2021-08-29 11:27:41', NULL),
(220, 2, 22103311, '2020-02-24 22:02:46', NULL),
(221, 2, 22103324, '2020-11-02 07:39:58', NULL),
(222, 3, 22103337, '2020-08-03 22:42:11', NULL),
(223, 3, 22103350, '2021-08-13 17:24:12', NULL),
(224, 2, 22103363, '2021-03-05 23:53:42', NULL),
(225, 2, 22103376, '2021-10-19 01:07:26', NULL),
(226, 2, 22103389, '2020-03-12 07:35:10', NULL),
(227, 1, 22103402, '2021-08-12 20:08:19', NULL),
(228, 2, 22103415, '2021-03-08 17:06:38', NULL),
(229, 2, 22103428, '2020-08-25 08:00:24', NULL),
(230, 3, 22103441, '2021-08-16 18:29:02', NULL),
(231, 3, 22103454, '2020-05-22 21:36:41', NULL),
(232, 3, 22103467, '2020-12-04 13:00:56', NULL),
(233, 1, 22103480, '2020-08-14 18:28:17', NULL),
(234, 1, 22103493, '2021-12-13 03:30:50', NULL),
(235, 2, 22103506, '2020-05-18 07:18:13', NULL),
(236, 1, 22103519, '2020-03-27 22:15:37', NULL),
(237, 2, 22103532, '2021-04-14 06:18:09', NULL),
(238, 2, 22103545, '2020-08-11 23:43:20', NULL),
(239, 2, 22103558, '2021-10-04 20:19:13', NULL),
(240, 1, 22103571, '2021-03-22 22:48:43', NULL),
(241, 2, 22103584, '2020-05-31 15:16:16', NULL),
(242, 2, 22103597, '2020-03-05 03:13:36', NULL),
(243, 2, 22103610, '2021-05-09 06:44:33', NULL),
(244, 2, 22103623, '2021-04-07 01:52:17', NULL),
(245, 2, 22103636, '2020-04-03 19:56:57', NULL),
(246, 2, 22103649, '2021-12-21 23:04:15', NULL),
(247, 3, 404041, '2020-08-19 05:09:53', NULL),
(248, 2, 22103675, '2021-11-28 18:44:01', NULL),
(249, 2, 22103688, '2020-11-03 11:03:16', NULL),
(250, 3, 22103701, '2020-03-08 18:28:34', NULL),
(251, 2, 22103714, '2021-06-13 00:53:51', NULL),
(252, 2, 22103727, '2021-12-20 00:37:41', NULL),
(253, 1, 22103740, '2020-10-18 10:50:16', NULL),
(254, 2, 22103753, '2020-04-11 23:16:42', NULL),
(255, 3, 22103766, '2020-09-16 01:36:36', NULL),
(256, 2, 22103779, '2020-07-04 10:16:45', NULL),
(257, 1, 22103792, '2020-07-12 21:16:02', NULL),
(258, 2, 22103805, '2020-05-16 01:30:52', NULL),
(259, 1, 22103818, '2021-01-09 10:48:57', NULL),
(260, 3, 22103831, '2021-08-29 09:58:57', NULL),
(261, 2, 22103844, '2020-10-23 17:06:58', NULL),
(262, 2, 22103857, '2021-02-07 01:28:57', NULL),
(263, 2, 22103870, '2020-07-12 19:21:42', NULL),
(264, 1, 22103883, '2020-11-25 00:06:28', NULL),
(265, 3, 22103896, '2020-05-01 23:14:55', NULL),
(266, 2, 22103909, '2021-11-01 13:01:31', NULL),
(267, 3, 22103922, '2021-11-08 02:20:09', NULL),
(268, 3, 22103935, '2020-04-09 00:03:35', NULL),
(269, 1, 22103948, '2021-04-02 10:12:42', NULL),
(270, 3, 22103961, '2020-02-08 20:29:48', NULL),
(271, 2, 22103974, '2020-08-07 07:47:00', NULL),
(272, 2, 22103987, '2020-05-07 09:50:04', NULL),
(273, 3, 22104000, '2020-04-28 14:51:52', NULL),
(274, 2, 22104013, '2021-07-26 01:15:33', NULL),
(275, 2, 22104026, '2021-02-08 09:32:10', NULL),
(276, 1, 22104039, '2021-03-08 22:25:59', NULL),
(277, 1, 22104052, '2021-08-15 02:13:05', NULL),
(278, 2, 22104065, '2020-08-21 10:25:28', NULL),
(279, 1, 22104078, '2021-05-08 11:41:20', NULL),
(280, 2, 22104091, '2020-11-05 14:28:30', NULL),
(281, 1, 22104104, '2021-07-24 17:02:07', NULL),
(282, 3, 22104117, '2021-06-30 03:49:45', NULL),
(283, 1, 22104130, '2020-06-06 21:49:56', NULL),
(284, 2, 22104143, '2020-09-11 20:42:15', NULL),
(285, 2, 22104156, '2020-07-13 03:12:23', NULL),
(286, 1, 22104169, '2021-06-13 14:20:06', NULL),
(287, 2, 22104182, '2020-08-19 02:21:39', NULL),
(288, 1, 22104195, '2020-12-01 23:21:19', NULL),
(289, 2, 22104208, '2020-09-26 21:25:24', NULL),
(290, 3, 22104221, '2020-05-30 01:22:01', NULL),
(291, 1, 22104234, '2021-01-15 08:19:51', NULL),
(292, 2, 22104247, '2021-01-03 23:41:30', NULL),
(293, 2, 22104260, '2021-03-18 02:55:58', NULL),
(294, 2, 22104273, '2021-10-12 20:15:33', NULL),
(295, 3, 22104286, '2020-03-08 06:12:00', NULL),
(296, 1, 22104299, '2021-07-02 17:23:56', NULL),
(297, 2, 22104312, '2021-07-30 07:51:43', NULL),
(298, 2, 22104325, '2020-04-12 20:53:14', NULL),
(299, 3, 22104338, '2020-11-01 17:38:40', NULL),
(300, 3, 22104351, '2020-08-19 14:40:51', NULL),
(301, 1, 22104364, '2021-10-29 17:00:40', NULL),
(302, 2, 22104377, '2021-05-20 07:23:23', NULL),
(303, 2, 22104390, '2021-12-16 11:30:08', NULL),
(304, 3, 22101023, '2020-09-12 23:37:22', NULL),
(305, 2, 22101036, '2020-12-23 11:05:03', NULL),
(306, 3, 22101049, '2021-04-22 16:33:39', NULL),
(307, 1, 22101062, '2021-03-11 00:26:05', NULL),
(308, 2, 22101075, '2020-11-25 01:53:32', NULL),
(309, 2, 22101088, '2020-06-15 02:13:49', NULL),
(310, 1, 22101101, '2020-11-26 01:17:47', NULL),
(311, 3, 22101114, '2020-04-14 03:42:27', NULL),
(312, 2, 22101127, '2021-02-13 06:54:00', NULL),
(313, 1, 22101140, '2021-07-04 11:54:38', NULL),
(314, 2, 22101153, '2020-11-18 17:43:54', NULL),
(315, 2, 22101166, '2020-04-19 01:13:36', NULL),
(316, 3, 22101179, '2020-11-23 22:40:47', NULL),
(317, 2, 22101192, '2021-07-20 15:23:37', NULL),
(318, 2, 22101205, '2020-02-07 16:27:02', NULL),
(319, 2, 22101218, '2020-08-13 14:19:10', NULL),
(320, 3, 22101231, '2020-08-21 02:46:20', NULL),
(321, 2, 22101244, '2021-01-06 14:24:25', NULL),
(322, 2, 22101257, '2020-08-30 17:42:24', NULL),
(323, 2, 22101270, '2020-10-21 13:02:03', NULL),
(324, 3, 22101283, '2021-06-14 12:57:00', NULL),
(325, 2, 22101296, '2021-07-22 08:23:10', NULL),
(326, 1, 22101309, '2021-04-05 20:00:29', NULL),
(327, 2, 22101322, '2020-08-25 09:56:31', NULL),
(328, 2, 22101387, '2021-10-01 13:12:17', NULL),
(329, 3, 22101400, '2021-10-30 21:02:41', NULL),
(334, 2, 22101413, '2021-08-31 06:37:53', NULL),
(335, 2, 22101426, '2021-08-29 12:52:54', NULL),
(336, 2, 22101439, '2021-09-03 17:25:17', NULL),
(337, 1, 22101452, '2021-05-22 01:16:29', NULL),
(338, 3, 22101465, '2021-11-20 18:13:49', NULL),
(339, 2, 22101478, '2021-04-19 07:47:43', NULL),
(340, 1, 22101491, '2020-02-14 02:50:18', NULL),
(341, 1, 22101504, '2021-04-04 07:34:49', NULL),
(342, 3, 22101517, '2021-10-14 05:11:33', NULL),
(343, 3, 22101530, '2021-08-19 18:09:13', NULL),
(344, 2, 22101543, '2020-02-03 15:17:27', NULL),
(345, 2, 22101556, '2020-04-22 08:45:24', NULL),
(346, 3, 22101569, '2020-08-15 22:39:03', NULL),
(347, 2, 22101582, '2020-06-09 21:01:31', NULL),
(348, 1, 22101595, '2021-05-24 09:16:39', NULL),
(349, 2, 22101608, '2020-08-03 02:35:34', NULL),
(350, 1, 22101621, '2020-07-27 15:33:00', NULL),
(351, 1, 22101634, '2021-06-10 09:43:45', NULL),
(352, 2, 22101647, '2021-09-08 04:01:41', NULL),
(353, 3, 22101660, '2021-12-17 06:23:17', NULL),
(354, 3, 22101673, '2021-06-11 07:38:12', NULL),
(355, 2, 22101686, '2020-03-17 15:56:41', NULL),
(356, 2, 22101699, '2021-07-18 20:47:16', NULL),
(357, 2, 22101712, '2021-11-25 11:40:53', NULL),
(358, 3, 22101725, '2020-07-14 08:27:51', NULL),
(359, 3, 22101738, '2020-10-07 15:51:37', NULL),
(360, 2, 22101751, '2020-12-19 16:10:15', NULL),
(361, 2, 22101764, '2020-11-21 15:12:44', NULL),
(362, 3, 22101777, '2021-11-01 09:04:31', NULL),
(363, 2, 22101790, '2020-12-30 17:43:36', NULL),
(364, 1, 22101803, '2021-09-29 21:11:51', NULL),
(365, 1, 22101816, '2021-03-07 00:18:14', NULL),
(366, 2, 22101829, '2020-10-12 16:08:51', NULL),
(367, 2, 22101842, '2020-07-09 17:53:41', NULL),
(368, 3, 22101855, '2021-07-23 00:32:06', NULL),
(369, 3, 22101868, '2021-12-02 09:26:28', NULL),
(370, 2, 22101881, '2021-12-06 02:21:28', NULL),
(371, 2, 22101894, '2021-10-13 15:13:10', NULL),
(372, 3, 22101907, '2021-05-27 07:03:40', NULL),
(373, 2, 22101920, '2020-08-26 13:45:42', NULL),
(374, 2, 22101933, '2020-06-19 09:41:50', NULL),
(375, 2, 22101946, '2020-10-05 21:32:46', NULL),
(376, 2, 22101959, '2020-04-02 02:30:28', NULL),
(377, 2, 22101972, '2021-01-02 02:37:15', NULL),
(378, 3, 22101985, '2020-09-06 17:06:13', NULL),
(379, 2, 22101998, '2020-04-13 04:46:24', NULL),
(380, 1, 22102011, '2021-01-27 02:46:59', NULL),
(381, 1, 22102024, '2021-04-24 19:47:33', NULL),
(382, 3, 22102037, '2021-10-06 07:30:13', NULL),
(383, 2, 22102050, '2021-07-28 15:24:44', NULL),
(384, 2, 22102063, '2020-05-15 07:32:31', NULL),
(385, 3, 22102076, '2021-05-08 11:54:01', NULL),
(386, 2, 22102089, '2020-08-06 08:00:37', NULL),
(387, 1, 22102102, '2021-04-15 20:29:08', NULL),
(388, 3, 22102115, '2020-11-29 15:07:38', NULL),
(389, 2, 22102128, '2020-08-11 18:29:32', NULL),
(390, 3, 22102141, '2020-04-24 19:09:05', NULL),
(391, 3, 22102154, '2021-05-30 14:08:50', NULL),
(392, 3, 22102167, '2020-08-20 17:18:26', NULL),
(393, 1, 22102180, '2020-02-13 14:48:10', NULL),
(394, 2, 22102193, '2021-03-09 23:32:37', NULL),
(395, 2, 22102206, '2020-07-24 06:35:59', NULL),
(396, 3, 22102219, '2021-02-11 00:20:24', NULL),
(397, 2, 22102232, '2021-08-16 08:01:17', NULL),
(398, 3, 22102245, '2020-04-13 13:16:41', NULL),
(399, 2, 22102258, '2020-05-24 01:30:44', NULL),
(400, 3, 22102271, '2021-07-03 22:35:05', NULL),
(401, 2, 22102284, '2020-03-21 23:10:06', NULL),
(402, 2, 22102297, '2020-03-08 07:33:39', NULL),
(403, 2, 22102310, '2020-09-06 18:20:45', NULL),
(404, 3, 22102323, '2021-05-22 00:01:29', NULL),
(405, 2, 22102336, '2021-11-29 03:49:07', NULL),
(406, 1, 22102349, '2020-05-18 23:14:18', NULL),
(407, 1, 22102362, '2020-09-10 11:58:09', NULL),
(408, 2, 22102375, '2020-05-12 04:16:37', NULL),
(409, 2, 22102388, '2021-12-03 19:43:11', NULL),
(410, 1, 22102401, '2020-12-08 13:00:48', NULL),
(411, 2, 22102414, '2021-03-26 09:57:40', NULL),
(412, 2, 22102427, '2020-05-01 03:48:44', NULL),
(413, 2, 22102440, '2020-06-14 14:31:58', NULL),
(414, 2, 22102453, '2020-09-04 21:25:19', NULL),
(415, 2, 22102466, '2021-05-18 17:21:57', NULL),
(416, 3, 22102479, '2021-10-20 04:20:24', NULL),
(417, 2, 22102492, '2021-05-28 02:53:33', NULL),
(418, 3, 22102505, '2020-10-14 04:37:43', NULL),
(419, 2, 22102518, '2020-06-07 00:06:13', NULL),
(420, 3, 22102531, '2021-07-15 12:49:14', NULL),
(421, 1, 22102544, '2021-10-22 23:36:41', NULL),
(422, 2, 22102557, '2021-06-16 17:06:42', NULL),
(423, 2, 22102570, '2021-09-04 11:25:28', NULL),
(424, 2, 22102583, '2020-05-05 08:39:00', NULL),
(425, 2, 22102596, '2020-03-20 19:09:52', NULL),
(426, 2, 22102609, '2020-11-16 07:58:55', NULL),
(427, 3, 22102622, '2020-11-02 15:09:36', NULL),
(428, 2, 22102635, '2020-06-13 21:26:47', NULL),
(429, 1, 22102648, '2021-04-19 02:42:20', NULL),
(430, 3, 22102661, '2020-12-26 03:41:04', NULL),
(431, 2, 22102674, '2021-01-09 14:44:37', NULL),
(432, 1, 22102687, '2020-10-19 17:35:51', NULL),
(433, 3, 22102700, '2021-09-18 13:01:32', NULL),
(434, 2, 22102713, '2020-09-17 05:07:13', NULL),
(435, 2, 22102726, '2021-06-25 01:29:09', NULL),
(436, 3, 22102739, '2021-11-27 14:33:28', NULL),
(437, 1, 22102752, '2021-02-18 05:42:59', NULL),
(438, 3, 22102765, '2020-12-15 15:32:22', NULL),
(439, 2, 22102778, '2020-05-25 11:54:54', NULL),
(440, 2, 22102791, '2020-06-26 15:07:53', NULL),
(441, 2, 22102804, '2021-10-06 14:25:11', NULL),
(442, 3, 22102817, '2021-05-09 11:46:55', NULL),
(443, 3, 22102830, '2021-04-23 04:05:55', NULL),
(444, 2, 22102843, '2020-04-06 16:44:21', NULL),
(445, 1, 22102856, '2020-08-05 19:11:34', NULL),
(446, 1, 22102869, '2020-08-03 13:35:39', NULL),
(447, 1, 22102882, '2021-07-07 16:23:05', NULL),
(448, 2, 22102895, '2021-03-26 02:46:44', NULL),
(449, 3, 22102908, '2021-01-28 23:37:16', NULL),
(450, 1, 22102921, '2020-06-11 14:24:50', NULL),
(451, 1, 22102934, '2021-05-31 03:57:14', NULL),
(452, 2, 22102947, '2020-07-21 21:09:07', NULL),
(453, 1, 22102960, '2021-01-19 03:06:50', NULL),
(454, 3, 22102973, '2021-07-25 10:38:46', NULL),
(455, 3, 22102986, '2021-05-04 02:02:47', NULL),
(456, 3, 22102999, '2020-02-15 10:57:48', NULL),
(457, 2, 22103012, '2020-05-24 18:21:43', NULL),
(458, 1, 22103025, '2020-08-26 16:43:55', NULL),
(459, 2, 22103038, '2020-04-18 04:07:43', NULL),
(460, 1, 22103051, '2020-11-04 08:32:19', NULL),
(461, 1, 22103064, '2021-06-17 16:39:53', NULL),
(462, 1, 22103077, '2020-06-20 05:09:22', NULL),
(463, 2, 22103090, '2021-05-20 13:26:30', NULL),
(464, 1, 22103103, '2021-10-18 08:56:42', NULL),
(465, 1, 22103116, '2021-09-27 17:16:33', NULL),
(466, 3, 22103129, '2020-03-27 23:49:52', NULL),
(467, 3, 22103142, '2021-03-04 21:41:56', NULL),
(468, 3, 22103155, '2021-10-22 04:02:20', NULL),
(469, 2, 22103168, '2020-08-27 19:42:37', NULL),
(470, 1, 22103181, '2021-08-07 14:58:43', NULL),
(471, 1, 22103194, '2021-03-09 13:51:04', NULL),
(472, 3, 22103207, '2021-03-21 13:23:51', NULL),
(473, 2, 22103220, '2021-11-22 08:35:59', NULL),
(474, 1, 22103233, '2021-06-03 23:41:40', NULL),
(475, 2, 22103246, '2020-09-18 11:12:01', NULL),
(476, 1, 22103259, '2020-09-20 19:17:04', NULL),
(477, 1, 22103272, '2021-04-04 10:48:55', NULL),
(478, 3, 22103285, '2020-09-26 03:36:04', NULL),
(479, 1, 22103298, '2021-12-22 17:08:36', NULL),
(480, 3, 22103311, '2020-06-29 11:28:39', NULL),
(481, 2, 22103324, '2020-09-13 09:07:37', NULL),
(482, 3, 22103337, '2021-09-19 16:25:45', NULL),
(483, 1, 22103350, '2021-05-30 22:52:30', NULL),
(484, 3, 22103363, '2021-03-21 15:45:25', NULL),
(485, 1, 22103376, '2020-11-24 23:20:39', NULL),
(486, 2, 22103389, '2021-07-20 13:33:18', NULL),
(487, 2, 22103402, '2021-07-20 04:31:44', NULL),
(488, 3, 22103415, '2021-03-13 07:10:23', NULL),
(489, 2, 22103428, '2021-09-05 11:57:50', NULL),
(490, 2, 22103441, '2020-05-18 16:58:56', NULL),
(491, 2, 22103454, '2021-04-02 00:16:39', NULL),
(492, 1, 22103467, '2020-05-21 03:59:56', NULL),
(493, 2, 22103480, '2021-10-18 02:19:50', NULL),
(494, 2, 22103493, '2020-04-14 08:44:54', NULL),
(495, 2, 22103506, '2021-01-17 17:53:33', NULL),
(496, 1, 22103519, '2020-09-30 11:51:24', NULL),
(497, 2, 22103532, '2021-06-03 16:50:59', NULL),
(498, 2, 22103545, '2021-01-15 00:48:38', NULL),
(499, 2, 22103558, '2020-03-03 16:18:10', NULL),
(500, 1, 22103571, '2020-10-10 22:05:52', NULL),
(501, 2, 22103584, '2020-06-21 12:14:46', NULL),
(502, 2, 22103597, '2021-01-25 04:45:07', NULL),
(503, 3, 22103610, '2020-04-26 01:15:29', NULL),
(504, 2, 22103623, '2020-11-07 08:07:54', NULL),
(505, 2, 22103636, '2021-11-10 01:28:04', NULL),
(506, 3, 22103649, '2021-06-26 08:40:47', NULL),
(507, 1, 404041, '2020-05-24 18:51:37', NULL),
(508, 3, 22103675, '2021-07-08 02:52:02', NULL),
(509, 3, 22103688, '2021-11-20 11:23:29', NULL),
(510, 3, 22103701, '2020-02-29 14:18:32', NULL),
(511, 2, 22103714, '2020-03-01 02:27:02', NULL),
(512, 3, 22103727, '2020-07-26 13:39:37', NULL),
(513, 2, 22103740, '2020-03-06 13:51:58', NULL),
(514, 2, 22103753, '2021-10-14 01:37:11', NULL),
(515, 2, 22103766, '2021-03-02 15:48:52', NULL),
(516, 1, 22103779, '2020-04-05 15:41:34', NULL),
(517, 3, 22103792, '2020-07-22 22:37:32', NULL),
(518, 1, 22103805, '2021-01-12 13:23:08', NULL),
(519, 2, 22103818, '2020-06-03 08:51:30', NULL),
(520, 2, 22103831, '2021-07-29 07:11:17', NULL),
(521, 2, 22103844, '2021-03-15 02:00:56', NULL),
(522, 2, 22103857, '2020-12-22 08:33:39', NULL),
(523, 1, 22103870, '2020-05-20 22:24:07', NULL),
(524, 2, 22103883, '2021-09-06 08:08:10', NULL),
(525, 3, 22103896, '2020-07-02 04:57:46', NULL),
(526, 3, 22103909, '2020-03-26 11:23:15', NULL),
(527, 3, 22103922, '2021-03-31 21:42:56', NULL),
(528, 1, 22103935, '2020-12-18 22:17:03', NULL),
(529, 2, 22103948, '2021-05-06 18:49:11', NULL),
(530, 2, 22103961, '2021-06-27 23:50:56', NULL),
(531, 3, 22103974, '2021-08-04 16:24:11', NULL),
(532, 2, 22103987, '2021-03-11 21:40:10', NULL),
(533, 3, 22104000, '2020-09-30 21:35:04', NULL),
(534, 1, 22104013, '2020-05-20 22:43:15', NULL),
(535, 2, 22104026, '2021-04-18 18:35:42', NULL),
(536, 1, 22104039, '2021-08-17 05:29:02', NULL),
(537, 2, 22104052, '2021-02-23 23:38:55', NULL),
(538, 2, 22104065, '2020-10-24 15:41:15', NULL),
(539, 1, 22104078, '2020-07-11 07:00:08', NULL),
(540, 1, 22104091, '2021-08-14 02:12:31', NULL),
(541, 2, 22104104, '2020-12-09 14:37:08', NULL),
(542, 1, 22104117, '2021-07-13 22:02:08', NULL),
(543, 2, 22104130, '2020-09-03 19:34:19', NULL),
(544, 3, 22104143, '2020-05-12 14:00:44', NULL),
(545, 2, 22104156, '2020-06-30 15:25:35', NULL),
(546, 3, 22104169, '2021-03-05 16:48:10', NULL),
(547, 2, 22104182, '2020-10-07 20:36:15', NULL),
(548, 2, 22104195, '2020-06-27 02:33:08', NULL),
(549, 3, 22104208, '2020-08-27 04:08:53', NULL),
(550, 2, 22104221, '2020-05-30 17:49:11', NULL),
(551, 1, 22104234, '2021-11-24 17:55:44', NULL),
(552, 2, 22104247, '2020-11-06 02:52:23', NULL),
(553, 2, 22104260, '2020-12-26 01:17:16', NULL),
(554, 1, 22104273, '2021-10-20 19:08:35', NULL),
(555, 2, 22104286, '2021-12-11 02:11:50', NULL),
(556, 3, 22104299, '2021-10-19 12:20:03', NULL),
(557, 1, 22104312, '2021-04-18 18:39:18', NULL),
(558, 2, 22104325, '2021-05-18 06:48:16', NULL),
(559, 2, 22104338, '2020-08-11 12:20:50', NULL),
(560, 2, 22104351, '2020-07-04 19:44:00', NULL),
(561, 3, 22104364, '2020-10-17 18:46:48', NULL),
(562, 1, 22104377, '2021-01-11 23:40:50', NULL),
(563, 1, 22104390, '2020-04-10 04:00:04', NULL),
(564, 3, 22104403, '2020-07-18 07:20:46', NULL),
(565, 2, 22104416, '2021-07-25 20:22:54', NULL),
(566, 1, 22104429, '2020-04-12 07:04:07', NULL),
(567, 3, 22104442, '2020-12-21 05:56:52', NULL),
(568, 3, 22104455, '2021-09-07 09:19:20', NULL),
(569, 1, 22104468, '2020-07-07 04:27:35', NULL),
(570, 2, 22104481, '2021-08-24 22:42:51', NULL),
(571, 2, 22104494, '2021-04-16 19:46:51', NULL),
(572, 2, 22104507, '2020-02-13 13:01:33', NULL),
(573, 2, 22104520, '2020-09-17 21:59:37', NULL),
(574, 2, 22104533, '2021-06-03 14:36:05', NULL),
(575, 1, 22104546, '2021-11-17 05:07:34', NULL),
(576, 1, 22104559, '2021-05-08 04:31:37', NULL),
(577, 2, 22104572, '2021-12-18 18:02:19', NULL),
(578, 2, 22104585, '2020-09-28 23:19:45', NULL),
(579, 2, 22104598, '2021-02-15 01:04:25', NULL),
(580, 1, 22104611, '2020-10-10 04:53:53', NULL),
(581, 3, 22104624, '2020-04-22 10:03:16', NULL),
(582, 3, 22104637, '2020-02-14 02:29:24', NULL),
(583, 2, 22104650, '2020-12-23 15:16:24', NULL),
(584, 2, 22104663, '2020-03-31 16:29:04', NULL),
(585, 3, 22104676, '2020-10-05 14:15:58', NULL),
(586, 2, 22104702, '2021-12-04 12:30:11', NULL),
(587, 1, 22104715, '2020-07-05 17:42:21', NULL),
(588, 1, 22104728, '2021-04-03 10:29:25', NULL),
(589, 1, 22104741, '2021-12-26 15:28:32', NULL),
(590, 2, 22104754, '2021-03-22 00:47:13', NULL),
(591, 3, 22104767, '2021-04-14 01:28:59', NULL),
(592, 1, 22104780, '2020-12-12 05:09:44', NULL),
(594, 2, 22104793, '2021-08-16 11:53:31', NULL),
(595, 1, 22104806, '2021-08-16 03:20:51', NULL),
(596, 2, 22104819, '2021-04-14 10:09:38', NULL),
(597, 2, 22104832, '2020-12-21 19:06:40', NULL),
(598, 1, 22104845, '2021-02-04 04:20:41', NULL),
(599, 2, 22104858, '2020-12-19 05:17:08', NULL),
(600, 3, 22104871, '2021-01-21 22:08:39', NULL),
(601, 2, 22104884, '2021-04-20 13:42:20', NULL),
(602, 3, 22104897, '2020-09-14 13:31:30', NULL),
(603, 2, 22104910, '2020-06-18 21:15:25', NULL);

-- --------------------------------------------------------

--
-- Structure for view `academic_staff`
--
DROP TABLE IF EXISTS `academic_staff`;

DROP VIEW IF EXISTS `academic_staff`;
CREATE OR REPLACE VIEW `academic_staff`  AS SELECT `user_academic_staff`.`id` AS `id`, `user_academic_staff`.`registration_date` AS `registration_date`, `user`.`index_id` AS `index_id`, `user`.`name` AS `name`, `user`.`lastname` AS `lastname`, `user`.`email` AS `email`, `user`.`password_hash` AS `password_hash`, `user`.`hescode` AS `hescode`, `user`.`hescode_status` AS `hescode_status`, `user`.`profile_picture` AS `profile_picture` FROM (`user_academic_staff` join `user` on(`user_academic_staff`.`id` = `user`.`id`)) ;

-- --------------------------------------------------------

--
-- Structure for view `course`
--
DROP TABLE IF EXISTS `course`;

DROP VIEW IF EXISTS `course`;
CREATE OR REPLACE VIEW `course`  AS SELECT `event_course`.`event_id` AS `event_id`, `event_course`.`year` AS `year`, `event_course`.`semester` AS `semester`, `event`.`event_name` AS `event_name`, `event`.`place` AS `place`, `event`.`max_no_of_participant` AS `max_no_of_participant`, `event`.`can_people_join` AS `can_people_join` FROM (`event_course` join `event` on(`event_course`.`event_id` = `event`.`event_id`)) ;

-- --------------------------------------------------------

--
-- Structure for view `sport`
--
DROP TABLE IF EXISTS `sport`;

DROP VIEW IF EXISTS `sport`;
CREATE OR REPLACE VIEW `sport`  AS SELECT `event_sport`.`event_id` AS `event_id`, `event_sport`.`start_date` AS `start_date`, `event_sport`.`end_date` AS `end_date`, `event`.`event_name` AS `event_name`, `event`.`place` AS `place`, `event`.`max_no_of_participant` AS `max_no_of_participant`, `event`.`can_people_join` AS `can_people_join` FROM (`event_sport` join `event` on(`event_sport`.`event_id` = `event`.`event_id`)) ;

-- --------------------------------------------------------

--
-- Structure for view `sports_center_staff`
--
DROP TABLE IF EXISTS `sports_center_staff`;

DROP VIEW IF EXISTS `sports_center_staff`;
CREATE OR REPLACE VIEW `sports_center_staff`  AS SELECT `user_sports_center_staff`.`id` AS `id`, `user`.`index_id` AS `index_id`, `user`.`name` AS `name`, `user`.`lastname` AS `lastname`, `user`.`email` AS `email`, `user`.`password_hash` AS `password_hash`, `user`.`hescode` AS `hescode`, `user`.`hescode_status` AS `hescode_status`, `user`.`profile_picture` AS `profile_picture` FROM (`user_sports_center_staff` join `user` on(`user_sports_center_staff`.`id` = `user`.`id`)) ;

-- --------------------------------------------------------

--
-- Structure for view `student`
--
DROP TABLE IF EXISTS `student`;

DROP VIEW IF EXISTS `student`;
CREATE OR REPLACE VIEW `student`  AS SELECT `user_student`.`id` AS `id`, `user_student`.`registration_date` AS `registration_date`, `user`.`index_id` AS `index_id`, `user`.`name` AS `name`, `user`.`lastname` AS `lastname`, `user`.`email` AS `email`, `user`.`password_hash` AS `password_hash`, `user`.`hescode` AS `hescode`, `user`.`hescode_status` AS `hescode_status`, `user`.`profile_picture` AS `profile_picture` FROM (`user_student` join `user` on(`user_student`.`id` = `user`.`id`)) ;

-- --------------------------------------------------------

--
-- Structure for view `test_appointment`
--
DROP TABLE IF EXISTS `test_appointment`;

DROP VIEW IF EXISTS `test_appointment`;
CREATE OR REPLACE VIEW `test_appointment`  AS SELECT `event`.`event_id` AS `event_id`, `event`.`event_name` AS `event_name`, `event`.`place` AS `place`, `event`.`max_no_of_participant` AS `max_no_of_participant`, `event`.`can_people_join` AS `can_people_join`, `event_test_appointment`.`start_date` AS `start_date`, `event_test_appointment`.`end_date` AS `end_date` FROM (`event` join `event_test_appointment` on(`event`.`event_id` = `event_test_appointment`.`event_id`)) ;

-- --------------------------------------------------------

--
-- Structure for view `university_administration`
--
DROP TABLE IF EXISTS `university_administration`;

DROP VIEW IF EXISTS `university_administration`;
CREATE OR REPLACE VIEW `university_administration`  AS SELECT `user_university_administration`.`id` AS `id`, `user`.`index_id` AS `index_id`, `user`.`name` AS `name`, `user`.`lastname` AS `lastname`, `user`.`email` AS `email`, `user`.`password_hash` AS `password_hash`, `user`.`hescode` AS `hescode`, `user`.`hescode_status` AS `hescode_status`, `user`.`profile_picture` AS `profile_picture` FROM (`user_university_administration` join `user` on(`user_university_administration`.`id` = `user`.`id`)) ;

--
-- Indexes for dumped tables
--

--
-- Indexes for table `contact`
--
ALTER TABLE `contact`
  ADD UNIQUE KEY `main_user_id` (`main_user_id`,`contacted_user_id`,`event_id`),
  ADD KEY `event_id` (`event_id`),
  ADD KEY `contacted_user_id` (`contacted_user_id`);

--
-- Indexes for table `covid_test`
--
ALTER TABLE `covid_test`
  ADD PRIMARY KEY (`test_id`),
  ADD KEY `user_id` (`user_id`);

--
-- Indexes for table `diagnosis`
--
ALTER TABLE `diagnosis`
  ADD PRIMARY KEY (`diagnosis_id`),
  ADD KEY `user_id` (`user_id`);

--
-- Indexes for table `event`
--
ALTER TABLE `event`
  ADD PRIMARY KEY (`event_id`);

--
-- Indexes for table `event_control`
--
ALTER TABLE `event_control`
  ADD UNIQUE KEY `event_id_2` (`event_id`,`user_id`),
  ADD KEY `event_id` (`event_id`),
  ADD KEY `user_id` (`user_id`);

--
-- Indexes for table `event_course`
--
ALTER TABLE `event_course`
  ADD PRIMARY KEY (`event_id`);

--
-- Indexes for table `event_participation`
--
ALTER TABLE `event_participation`
  ADD UNIQUE KEY `event_id` (`event_id`,`user_id`),
  ADD KEY `user_id` (`user_id`);

--
-- Indexes for table `event_sport`
--
ALTER TABLE `event_sport`
  ADD PRIMARY KEY (`event_id`);

--
-- Indexes for table `event_test_appointment`
--
ALTER TABLE `event_test_appointment`
  ADD PRIMARY KEY (`event_id`);

--
-- Indexes for table `feedback`
--
ALTER TABLE `feedback`
  ADD PRIMARY KEY (`feedback_id`);

--
-- Indexes for table `password_reset_token`
--
ALTER TABLE `password_reset_token`
  ADD PRIMARY KEY (`id`),
  ADD UNIQUE KEY `user_id` (`user_id`),
  ADD UNIQUE KEY `token` (`token`);

--
-- Indexes for table `user`
--
ALTER TABLE `user`
  ADD PRIMARY KEY (`index_id`),
  ADD UNIQUE KEY `administrator_email_uindex` (`email`),
  ADD UNIQUE KEY `administrator_index_id_uindex` (`index_id`),
  ADD UNIQUE KEY `administrator_id_uindex` (`id`),
  ADD UNIQUE KEY `hescode` (`hescode`);

--
-- Indexes for table `user_academic_staff`
--
ALTER TABLE `user_academic_staff`
  ADD PRIMARY KEY (`id`),
  ADD UNIQUE KEY `student_id_uid` (`id`) USING BTREE;

--
-- Indexes for table `user_sports_center_staff`
--
ALTER TABLE `user_sports_center_staff`
  ADD UNIQUE KEY `sport_staff_id_uindex` (`id`);

--
-- Indexes for table `user_student`
--
ALTER TABLE `user_student`
  ADD PRIMARY KEY (`id`),
  ADD UNIQUE KEY `student_id_uid` (`id`) USING BTREE;

--
-- Indexes for table `user_university_administration`
--
ALTER TABLE `user_university_administration`
  ADD UNIQUE KEY `instructor_id_uindex` (`id`);

--
-- Indexes for table `vaccine`
--
ALTER TABLE `vaccine`
  ADD PRIMARY KEY (`vaccine_id`);

--
-- Indexes for table `vaccine_administration`
--
ALTER TABLE `vaccine_administration`
  ADD PRIMARY KEY (`vaccination_id`),
  ADD KEY `fk_va_user` (`user_id`),
  ADD KEY `fk_va_vaccine` (`vaccine_id`);

--
-- AUTO_INCREMENT for dumped tables
--

--
-- AUTO_INCREMENT for table `covid_test`
--
ALTER TABLE `covid_test`
  MODIFY `test_id` int(11) NOT NULL AUTO_INCREMENT, AUTO_INCREMENT=9;

--
-- AUTO_INCREMENT for table `diagnosis`
--
ALTER TABLE `diagnosis`
  MODIFY `diagnosis_id` int(11) NOT NULL AUTO_INCREMENT, AUTO_INCREMENT=7;

--
-- AUTO_INCREMENT for table `event`
--
ALTER TABLE `event`
  MODIFY `event_id` int(11) NOT NULL AUTO_INCREMENT, AUTO_INCREMENT=107;

--
-- AUTO_INCREMENT for table `feedback`
--
ALTER TABLE `feedback`
  MODIFY `feedback_id` int(11) NOT NULL AUTO_INCREMENT;

--
-- AUTO_INCREMENT for table `password_reset_token`
--
ALTER TABLE `password_reset_token`
  MODIFY `id` int(11) NOT NULL AUTO_INCREMENT, AUTO_INCREMENT=80;

--
-- AUTO_INCREMENT for table `user`
--
ALTER TABLE `user`
  MODIFY `index_id` int(11) NOT NULL AUTO_INCREMENT, AUTO_INCREMENT=559;

--
-- AUTO_INCREMENT for table `vaccine`
--
ALTER TABLE `vaccine`
  MODIFY `vaccine_id` int(11) NOT NULL AUTO_INCREMENT, AUTO_INCREMENT=4;

--
-- AUTO_INCREMENT for table `vaccine_administration`
--
ALTER TABLE `vaccine_administration`
  MODIFY `vaccination_id` int(11) NOT NULL AUTO_INCREMENT, AUTO_INCREMENT=604;

--
-- Constraints for dumped tables
--

--
-- Constraints for table `contact`
--
ALTER TABLE `contact`
  ADD CONSTRAINT `contact_ibfk_1` FOREIGN KEY (`main_user_id`) REFERENCES `user` (`id`) ON DELETE CASCADE ON UPDATE CASCADE,
  ADD CONSTRAINT `contact_ibfk_2` FOREIGN KEY (`event_id`) REFERENCES `event` (`event_id`),
  ADD CONSTRAINT `contact_ibfk_3` FOREIGN KEY (`contacted_user_id`) REFERENCES `user` (`id`) ON DELETE CASCADE ON UPDATE CASCADE;

--
-- Constraints for table `covid_test`
--
ALTER TABLE `covid_test`
  ADD CONSTRAINT `covid_test_ibfk_1` FOREIGN KEY (`user_id`) REFERENCES `user` (`id`) ON DELETE CASCADE ON UPDATE CASCADE;

--
-- Constraints for table `diagnosis`
--
ALTER TABLE `diagnosis`
  ADD CONSTRAINT `diagnosis_ibfk_1` FOREIGN KEY (`user_id`) REFERENCES `user` (`id`) ON DELETE CASCADE ON UPDATE CASCADE;

--
-- Constraints for table `event_control`
--
ALTER TABLE `event_control`
  ADD CONSTRAINT `event_control_ibfk_1` FOREIGN KEY (`event_id`) REFERENCES `event` (`event_id`) ON DELETE CASCADE ON UPDATE CASCADE,
  ADD CONSTRAINT `event_control_ibfk_2` FOREIGN KEY (`user_id`) REFERENCES `user` (`index_id`) ON DELETE CASCADE ON UPDATE CASCADE;

--
-- Constraints for table `event_course`
--
ALTER TABLE `event_course`
  ADD CONSTRAINT `event_course_ibfk_1` FOREIGN KEY (`event_id`) REFERENCES `event` (`event_id`) ON DELETE CASCADE ON UPDATE CASCADE;

--
-- Constraints for table `event_participation`
--
ALTER TABLE `event_participation`
  ADD CONSTRAINT `event_participation_ibfk_1` FOREIGN KEY (`event_id`) REFERENCES `event` (`event_id`) ON DELETE CASCADE ON UPDATE CASCADE,
  ADD CONSTRAINT `event_participation_ibfk_2` FOREIGN KEY (`user_id`) REFERENCES `user` (`id`) ON DELETE CASCADE ON UPDATE CASCADE;

--
-- Constraints for table `event_sport`
--
ALTER TABLE `event_sport`
  ADD CONSTRAINT `event_sport_ibfk_1` FOREIGN KEY (`event_id`) REFERENCES `event` (`event_id`) ON DELETE CASCADE ON UPDATE CASCADE;

--
-- Constraints for table `event_test_appointment`
--
ALTER TABLE `event_test_appointment`
  ADD CONSTRAINT `event_test_appointment_ibfk_1` FOREIGN KEY (`event_id`) REFERENCES `event` (`event_id`) ON DELETE CASCADE ON UPDATE CASCADE;

--
-- Constraints for table `user_academic_staff`
--
ALTER TABLE `user_academic_staff`
  ADD CONSTRAINT `fk_uas_user` FOREIGN KEY (`id`) REFERENCES `user` (`id`) ON DELETE CASCADE ON UPDATE CASCADE;

--
-- Constraints for table `user_sports_center_staff`
--
ALTER TABLE `user_sports_center_staff`
  ADD CONSTRAINT `fk_scs_user` FOREIGN KEY (`id`) REFERENCES `user` (`id`) ON DELETE CASCADE ON UPDATE CASCADE;

--
-- Constraints for table `user_student`
--
ALTER TABLE `user_student`
  ADD CONSTRAINT `fk_us_user` FOREIGN KEY (`id`) REFERENCES `user` (`id`) ON DELETE CASCADE ON UPDATE CASCADE;

--
-- Constraints for table `user_university_administration`
--
ALTER TABLE `user_university_administration`
  ADD CONSTRAINT `fk_uua_user` FOREIGN KEY (`id`) REFERENCES `user` (`id`) ON DELETE CASCADE ON UPDATE CASCADE;

--
-- Constraints for table `vaccine_administration`
--
ALTER TABLE `vaccine_administration`
  ADD CONSTRAINT `fk_va_user` FOREIGN KEY (`user_id`) REFERENCES `user` (`id`) ON DELETE CASCADE ON UPDATE CASCADE,
  ADD CONSTRAINT `fk_va_vaccine` FOREIGN KEY (`vaccine_id`) REFERENCES `vaccine` (`vaccine_id`) ON DELETE CASCADE ON UPDATE CASCADE;
COMMIT;

/*!40101 SET CHARACTER_SET_CLIENT=@OLD_CHARACTER_SET_CLIENT */;
/*!40101 SET CHARACTER_SET_RESULTS=@OLD_CHARACTER_SET_RESULTS */;
/*!40101 SET COLLATION_CONNECTION=@OLD_COLLATION_CONNECTION */;
